Workbook
Name Роздільник_Відділ: #N/A
Name Роздільник_Діапазон_стажу: #N/A

Sheet Завдання 2
B2: Завдання. (у першому рядку приклад для заповнення)
B3: 1. Перенесіть у стовпці D та E імена та по батькові співробітників зі стовпця C, у стовпці C залиште лише прізвище. | K3: Таблиця 2.
B4: 2. У стовпці G вкажіть гендерну приналежність працівників. | J4: № | K4: Показник | O4: Значення
B5: 3. У стовпці H вкажіть вік працівників на дату прийому на роботу (кількість повних років). | J5: 1 | K5: Кількість працюючих на дату звіту | O5: =COUNTBLANK(K18:K117) -> 39
B6: 4. У стовпці I вкажіть, чи досяг працівник пенсійного віку на момент прийому на роботу, якщо пенсійний вік становить 60 років. | J6: 2 | K6: Кількість звільнених на дату звіту | O6: =COUNT(K18:K117) -> 61
J7: 3 | K7: Кількість звільнених на 01.01.2009 | O7: =COUNTIF(K18:K117,"<39814") -> 3
B8: 5. Заповніть стовпець L; якщо в стовпці K дата звільнення відсутня, то розрахуйте стаж на дату звіту (клітинка F14). | J8: 4 | K8: Середній вік звільнених | O8: {=AVERAGE(IF(K18:K117<>"",DATEDIF(F18:F117,K18:K117,"Y"),""))} -> 44.704918
B9: 6. Налаштуйте сортування Таблиці 1 за Відділом, Прізвищем. | J9: 5 | K9: Працівників якої статі більше звільнили | O9: =IF(COUNTIFS(K18:K117,">0",G18:G117,"чоловіча")>COUNTIFS(K18:K117,">0",G18:G117,";жіноча"),"чоловічої", IF(COUNTIFS(K18:K117,">0",G18:G117,"чоловіча")<COUNTIFS(K18:K117,">0",G18:G117,"жіноча"),"жіночої","одинаково")) -> чоловічої
B10: 7. Додайте стовпець "Відділ", в який додайте відповідні значення для кожного співробітника з аркуша "Відділи". | J10: 6 | K10: Кількість співробітників із прізвищем, яке починається на "Р" | O10: =COUNTIF(C18:C117,"Р*") -> 4
B11: 8. Заповніть в Таблиці 2 стовпець "Значення" за допомогою формул. | J11: 7 | K11: Кількість причин звільнення | O11: =COUNTA(_xlfn.UNIQUE(M18:M117))-1 -> 6
J12: 8 | K12: Найчастіша причина звільнення | O12: {=INDEX($R$18:$R$23,MATCH(MAX(COUNTIF(M18:M117,$R$18:$R$23)),COUNTIF(M18:M117,$R$18:$R$23),0))} -> за власним бажанням
C14: Таблиця 1. Звіт про стаж роботи співробітників, в тому числі звільнених на | F14: 44927
B16: № | C16: ПІБ співробітника | F16: Дата народження | G16: Стать | H16: Вік на момент прийому на роботу | I16: Пенсійний вік | J16: Дата прийому на роботу | K16: Дата звільнення | L16: Стаж | M16: Причина звільнення | N16: Відділ | O16: вік звільнених | P16: перевірка
C17: Прізвище | D17: Ім'я | E17: По батькові | P17: =AVERAGE(O18:O117) -> 44.704918 | Q17: перевірка | R17: Причини звільнення
B18: 99 | C18: Величко | D18: Самійло | E18: Васильович | F18: 23575 | G18: =IF(RIGHT(E18,1)="ч","чоловіча","жіноча") -> чоловіча | H18: =ROUNDDOWN((J18-F18)/365.25,0) -> 42 | I18: =IF(H18>=60,"так","ні") -> ні | J18: 39161 | L18: =IFERROR(IF(DATEDIF(J18,K18,"Y")=0,DATEDIF(J18,K18,"M")&"м."&DATEDIF(J18,K18,"MD")&"д.", DATEDIF(J18,K18,"Y")&"р."&DATEDIF(J18,K18,"YM")&"м."&DATEDIF(J18,K18,"MD")&"д."), IF(DATEDIF(J18,$F$14,"Y")=0,DATEDIF(J18,$F$14,"M")&"м."&DATEDIF(J18,$F$14,"MD")&"д.", DATEDIF(J18,$F$14,"Y")&"р."&DATEDIF(J18,$F$14,"YM")&"м."&DATEDIF(J18,$F$14,"MD")&"д.")) -> 15р.9м.12д. | N18: =VLOOKUP(_xlfn.CONCAT(C18," ",D18," ",E18),Відділи!$B$2:$C$101,2,0) -> Бухгалтерія | O18: =IFERROR(DATEDIF(F18,K18,"Y"),"") | Q18: {=COUNTIF(M18:M117,$R$18:$R$23)} -> 25 | R18: за власним бажанням
B19: 48 | C19: Гончаренко | D19: Ніна | E19: Іванівна | F19: 28873 | G19: =IF(RIGHT(E19,1)="ч","чоловіча","жіноча") -> жіноча | H19: =ROUNDDOWN((J19-F19)/365.25,0) -> 34 | I19: =IF(H19>=60,"так","ні") -> ні | J19: 41402 | L19: =IFERROR(IF(DATEDIF(J19,K19,"Y")=0,DATEDIF(J19,K19,"M")&"м."&DATEDIF(J19,K19,"MD")&"д.", DATEDIF(J19,K19,"Y")&"р."&DATEDIF(J19,K19,"YM")&"м."&DATEDIF(J19,K19,"MD")&"д."), IF(DATEDIF(J19,$F$14,"Y")=0,DATEDIF(J19,$F$14,"M")&"м."&DATEDIF(J19,$F$14,"MD")&"д.", DATEDIF(J19,$F$14,"Y")&"р."&DATEDIF(J19,$F$14,"YM")&"м."&DATEDIF(J19,$F$14,"MD")&"д.")) -> 9р.7м.24д. | N19: =VLOOKUP(_xlfn.CONCAT(C19," ",D19," ",E19),Відділи!$B$2:$C$101,2,0) -> Бухгалтерія | O19: =IFERROR(DATEDIF(F19,K19,"Y"),"") | Q19: 2 | R19: порушення трудового договору | T19: числова дата 01,01,2009
B20: 13 | C20: Іванова | D20: Антоніна | E20: Миколаївна | F20: 22028 | G20: =IF(RIGHT(E20,1)="ч","чоловіча","жіноча") -> жіноча | H20: =ROUNDDOWN((J20-F20)/365.25,0) -> 54 | I20: =IF(H20>=60,"так","ні") -> ні | J20: 41977 | L20: =IFERROR(IF(DATEDIF(J20,K20,"Y")=0,DATEDIF(J20,K20,"M")&"м."&DATEDIF(J20,K20,"MD")&"д.", DATEDIF(J20,K20,"Y")&"р."&DATEDIF(J20,K20,"YM")&"м."&DATEDIF(J20,K20,"MD")&"д."), IF(DATEDIF(J20,$F$14,"Y")=0,DATEDIF(J20,$F$14,"M")&"м."&DATEDIF(J20,$F$14,"MD")&"д.", DATEDIF(J20,$F$14,"Y")&"р."&DATEDIF(J20,$F$14,"YM")&"м."&DATEDIF(J20,$F$14,"MD")&"д.")) -> 8р.0м.28д. | N20: =VLOOKUP(_xlfn.CONCAT(C20," ",D20," ",E20),Відділи!$B$2:$C$101,2,0) -> Бухгалтерія | O20: =IFERROR(DATEDIF(F20,K20,"Y"),"") | Q20: 13 | R20: за згодою сторін | T20: 39814
B21: 9 | C21: Коваль | D21: Олександр | E21: Іванович | F21: 24302 | G21: =IF(RIGHT(E21,1)="ч","чоловіча","жіноча") -> чоловіча | H21: =ROUNDDOWN((J21-F21)/365.25,0) -> 46 | I21: =IF(H21>=60,"так","ні") -> ні | J21: 41434 | L21: =IFERROR(IF(DATEDIF(J21,K21,"Y")=0,DATEDIF(J21,K21,"M")&"м."&DATEDIF(J21,K21,"MD")&"д.", DATEDIF(J21,K21,"Y")&"р."&DATEDIF(J21,K21,"YM")&"м."&DATEDIF(J21,K21,"MD")&"д."), IF(DATEDIF(J21,$F$14,"Y")=0,DATEDIF(J21,$F$14,"M")&"м."&DATEDIF(J21,$F$14,"MD")&"д.", DATEDIF(J21,$F$14,"Y")&"р."&DATEDIF(J21,$F$14,"YM")&"м."&DATEDIF(J21,$F$14,"MD")&"д.")) -> 9р.6м.23д. | N21: =VLOOKUP(_xlfn.CONCAT(C21," ",D21," ",E21),Відділи!$B$2:$C$101,2,0) -> Бухгалтерія | O21: =IFERROR(DATEDIF(F21,K21,"Y"),"") | Q21: 4 | R21: завершення трудового договору
B22: 62 | C22: Ковтун | D22: Ілля | E22: Юрійович | F22: 17062 | G22: =IF(RIGHT(E22,1)="ч","чоловіча","жіноча") -> чоловіча | H22: =ROUNDDOWN((J22-F22)/365.25,0) -> 63 | I22: =IF(H22>=60,"так","ні") -> так | J22: 40409 | L22: =IFERROR(IF(DATEDIF(J22,K22,"Y")=0,DATEDIF(J22,K22,"M")&"м."&DATEDIF(J22,K22,"MD")&"д.", DATEDIF(J22,K22,"Y")&"р."&DATEDIF(J22,K22,"YM")&"м."&DATEDIF(J22,K22,"MD")&"д."), IF(DATEDIF(J22,$F$14,"Y")=0,DATEDIF(J22,$F$14,"M")&"м."&DATEDIF(J22,$F$14,"MD")&"д.", DATEDIF(J22,$F$14,"Y")&"р."&DATEDIF(J22,$F$14,"YM")&"м."&DATEDIF(J22,$F$14,"MD")&"д.")) -> 12р.4м.13д. | N22: =VLOOKUP(_xlfn.CONCAT(C22," ",D22," ",E22),Відділи!$B$2:$C$101,2,0) -> Бухгалтерія | O22: =IFERROR(DATEDIF(F22,K22,"Y"),"") | Q22: 12 | R22: не відповідність
B23: 46 | C23: Литвиненко | D23: Марія | E23: Іванівна | F23: 23927 | G23: =IF(RIGHT(E23,1)="ч","чоловіча","жіноча") -> жіноча | H23: =ROUNDDOWN((J23-F23)/365.25,0) -> 44 | I23: =IF(H23>=60,"так","ні") -> ні | J23: 40122 | L23: =IFERROR(IF(DATEDIF(J23,K23,"Y")=0,DATEDIF(J23,K23,"M")&"м."&DATEDIF(J23,K23,"MD")&"д.", DATEDIF(J23,K23,"Y")&"р."&DATEDIF(J23,K23,"YM")&"м."&DATEDIF(J23,K23,"MD")&"д."), IF(DATEDIF(J23,$F$14,"Y")=0,DATEDIF(J23,$F$14,"M")&"м."&DATEDIF(J23,$F$14,"MD")&"д.", DATEDIF(J23,$F$14,"Y")&"р."&DATEDIF(J23,$F$14,"YM")&"м."&DATEDIF(J23,$F$14,"MD")&"д.")) -> 13р.1м.27д. | N23: =VLOOKUP(_xlfn.CONCAT(C23," ",D23," ",E23),Відділи!$B$2:$C$101,2,0) -> Бухгалтерія | O23: =IFERROR(DATEDIF(F23,K23,"Y"),"") | Q23: 5 | R23: скорочення штату
B24: 77 | C24: Макаренко | D24: Антон | E24: Семенович | F24: 33375 | G24: =IF(RIGHT(E24,1)="ч","чоловіча","жіноча") -> чоловіча | H24: =ROUNDDOWN((J24-F24)/365.25,0) -> 21 | I24: =IF(H24>=60,"так","ні") -> ні | J24: 41178 | K24: 43312 | L24: =IFERROR(IF(DATEDIF(J24,K24,"Y")=0,DATEDIF(J24,K24,"M")&"м."&DATEDIF(J24,K24,"MD")&"д.", DATEDIF(J24,K24,"Y")&"р."&DATEDIF(J24,K24,"YM")&"м."&DATEDIF(J24,K24,"MD")&"д."), IF(DATEDIF(J24,$F$14,"Y")=0,DATEDIF(J24,$F$14,"M")&"м."&DATEDIF(J24,$F$14,"MD")&"д.", DATEDIF(J24,$F$14,"Y")&"р."&DATEDIF(J24,$F$14,"YM")&"м."&DATEDIF(J24,$F$14,"MD")&"д.")) -> 5р.10м.5д. | M24: за власним бажанням | N24: =VLOOKUP(_xlfn.CONCAT(C24," ",D24," ",E24),Відділи!$B$2:$C$101,2,0) -> Бухгалтерія | O24: =IFERROR(DATEDIF(F24,K24,"Y"),"") -> 27
B25: 84 | C25: Марчук | D25: Євген | E25: Кирилович | F25: 29020 | G25: =IF(RIGHT(E25,1)="ч","чоловіча","жіноча") -> чоловіча | H25: =ROUNDDOWN((J25-F25)/365.25,0) -> 32 | I25: =IF(H25>=60,"так","ні") -> ні | J25: 40825 | K25: 42579 | L25: =IFERROR(IF(DATEDIF(J25,K25,"Y")=0,DATEDIF(J25,K25,"M")&"м."&DATEDIF(J25,K25,"MD")&"д.", DATEDIF(J25,K25,"Y")&"р."&DATEDIF(J25,K25,"YM")&"м."&DATEDIF(J25,K25,"MD")&"д."), IF(DATEDIF(J25,$F$14,"Y")=0,DATEDIF(J25,$F$14,"M")&"м."&DATEDIF(J25,$F$14,"MD")&"д.", DATEDIF(J25,$F$14,"Y")&"р."&DATEDIF(J25,$F$14,"YM")&"м."&DATEDIF(J25,$F$14,"MD")&"д.")) -> 4р.9м.19д. | M25: за власним бажанням | N25: =VLOOKUP(_xlfn.CONCAT(C25," ",D25," ",E25),Відділи!$B$2:$C$101,2,0) -> Бухгалтерія | O25: =IFERROR(DATEDIF(F25,K25,"Y"),"") -> 37
B26: 1 | C26: Мельник | D26: Андрій | E26: Андрійович | F26: 21956 | G26: чоловіча | H26: 53 | I26: ні | J26: 41530 | L26: 9р.3м.19д. | N26: =VLOOKUP(_xlfn.CONCAT(C26," ",D26," ",E26),Відділи!$B$2:$C$101,2,0) -> Бухгалтерія | O26: =IFERROR(DATEDIF(F26,K26,"Y"),"")
B27: 36 | C27: Мельничук | D27: Людмила | E27: Олександрівна | F27: 24224 | G27: =IF(RIGHT(E27,1)="ч","чоловіча","жіноча") -> жіноча | H27: =ROUNDDOWN((J27-F27)/365.25,0) -> 45 | I27: =IF(H27>=60,"так","ні") -> ні | J27: 40953 | K27: 43891 | L27: =IFERROR(IF(DATEDIF(J27,K27,"Y")=0,DATEDIF(J27,K27,"M")&"м."&DATEDIF(J27,K27,"MD")&"д.", DATEDIF(J27,K27,"Y")&"р."&DATEDIF(J27,K27,"YM")&"м."&DATEDIF(J27,K27,"MD")&"д."), IF(DATEDIF(J27,$F$14,"Y")=0,DATEDIF(J27,$F$14,"M")&"м."&DATEDIF(J27,$F$14,"MD")&"д.", DATEDIF(J27,$F$14,"Y")&"р."&DATEDIF(J27,$F$14,"YM")&"м."&DATEDIF(J27,$F$14,"MD")&"д.")) -> 8р.0м.16д. | M27: порушення трудового договору | N27: =VLOOKUP(_xlfn.CONCAT(C27," ",D27," ",E27),Відділи!$B$2:$C$101,2,0) -> Бухгалтерія | O27: =IFERROR(DATEDIF(F27,K27,"Y"),"") -> 53
B28: 19 | C28: Мороз | D28: Олександр | E28: Олександрович | F28: 21196 | G28: =IF(RIGHT(E28,1)="ч","чоловіча","жіноча") -> чоловіча | H28: =ROUNDDOWN((J28-F28)/365.25,0) -> 54 | I28: =IF(H28>=60,"так","ні") -> ні | J28: 40921 | K28: 44494 | L28: =IFERROR(IF(DATEDIF(J28,K28,"Y")=0,DATEDIF(J28,K28,"M")&"м."&DATEDIF(J28,K28,"MD")&"д.", DATEDIF(J28,K28,"Y")&"р."&DATEDIF(J28,K28,"YM")&"м."&DATEDIF(J28,K28,"MD")&"д."), IF(DATEDIF(J28,$F$14,"Y")=0,DATEDIF(J28,$F$14,"M")&"м."&DATEDIF(J28,$F$14,"MD")&"д.", DATEDIF(J28,$F$14,"Y")&"р."&DATEDIF(J28,$F$14,"YM")&"м."&DATEDIF(J28,$F$14,"MD")&"д.")) -> 9р.9м.12д. | M28: за згодою сторін | N28: =VLOOKUP(_xlfn.CONCAT(C28," ",D28," ",E28),Відділи!$B$2:$C$101,2,0) -> Бухгалтерія | O28: =IFERROR(DATEDIF(F28,K28,"Y"),"") -> 63
B29: 55 | C29: Назаренко | D29: Сергій | E29: Юрійович | F29: 30614 | G29: =IF(RIGHT(E29,1)="ч","чоловіча","жіноча") -> чоловіча | H29: =ROUNDDOWN((J29-F29)/365.25,0) -> 29 | I29: =IF(H29>=60,"так","ні") -> ні | J29: 41370 | K29: 41645 | L29: =IFERROR(IF(DATEDIF(J29,K29,"Y")=0,DATEDIF(J29,K29,"M")&"м."&DATEDIF(J29,K29,"MD")&"д.", DATEDIF(J29,K29,"Y")&"р."&DATEDIF(J29,K29,"YM")&"м."&DATEDIF(J29,K29,"MD")&"д."), IF(DATEDIF(J29,$F$14,"Y")=0,DATEDIF(J29,$F$14,"M")&"м."&DATEDIF(J29,$F$14,"MD")&"д.", DATEDIF(J29,$F$14,"Y")&"р."&DATEDIF(J29,$F$14,"YM")&"м."&DATEDIF(J29,$F$14,"MD")&"д.")) -> 9м.0д. | M29: за власним бажанням | N29: =VLOOKUP(_xlfn.CONCAT(C29," ",D29," ",E29),Відділи!$B$2:$C$101,2,0) -> Бухгалтерія | O29: =IFERROR(DATEDIF(F29,K29,"Y"),"") -> 30
B30: 44 | C30: Павлюк | D30: Павло | E30: Михнович | F30: 15594 | G30: =IF(RIGHT(E30,1)="ч","чоловіча","жіноча") -> чоловіча | H30: =ROUNDDOWN((J30-F30)/365.25,0) -> 70 | I30: =IF(H30>=60,"так","ні") -> так | J30: 41466 | L30: =IFERROR(IF(DATEDIF(J30,K30,"Y")=0,DATEDIF(J30,K30,"M")&"м."&DATEDIF(J30,K30,"MD")&"д.", DATEDIF(J30,K30,"Y")&"р."&DATEDIF(J30,K30,"YM")&"м."&DATEDIF(J30,K30,"MD")&"д."), IF(DATEDIF(J30,$F$14,"Y")=0,DATEDIF(J30,$F$14,"M")&"м."&DATEDIF(J30,$F$14,"MD")&"д.", DATEDIF(J30,$F$14,"Y")&"р."&DATEDIF(J30,$F$14,"YM")&"м."&DATEDIF(J30,$F$14,"MD")&"д.")) -> 9р.5м.21д. | N30: =VLOOKUP(_xlfn.CONCAT(C30," ",D30," ",E30),Відділи!$B$2:$C$101,2,0) -> Бухгалтерія | O30: =IFERROR(DATEDIF(F30,K30,"Y"),"")
B31: 18 | C31: Руденко | D31: Бела | E31: Андріївна | F31: 34241 | G31: =IF(RIGHT(E31,1)="ч","чоловіча","жіноча") -> жіноча | H31: =ROUNDDOWN((J31-F31)/365.25,0) -> 17 | I31: =IF(H31>=60,"так","ні") -> ні | J31: 40601 | K31: 43800 | L31: =IFERROR(IF(DATEDIF(J31,K31,"Y")=0,DATEDIF(J31,K31,"M")&"м."&DATEDIF(J31,K31,"MD")&"д.", DATEDIF(J31,K31,"Y")&"р."&DATEDIF(J31,K31,"YM")&"м."&DATEDIF(J31,K31,"MD")&"д."), IF(DATEDIF(J31,$F$14,"Y")=0,DATEDIF(J31,$F$14,"M")&"м."&DATEDIF(J31,$F$14,"MD")&"д.", DATEDIF(J31,$F$14,"Y")&"р."&DATEDIF(J31,$F$14,"YM")&"м."&DATEDIF(J31,$F$14,"MD")&"д.")) -> 8р.9м.4д. | M31: завершення трудового договору | N31: =VLOOKUP(_xlfn.CONCAT(C31," ",D31," ",E31),Відділи!$B$2:$C$101,2,0) -> Бухгалтерія | O31: =IFERROR(DATEDIF(F31,K31,"Y"),"") -> 26
B32: 97 | C32: Шульга | D32: Анастасія | E32: Олександрівна | F32: 24140 | G32: =IF(RIGHT(E32,1)="ч","чоловіча","жіноча") -> жіноча | H32: =ROUNDDOWN((J32-F32)/365.25,0) -> 45 | I32: =IF(H32>=60,"так","ні") -> ні | J32: 40761 | L32: =IFERROR(IF(DATEDIF(J32,K32,"Y")=0,DATEDIF(J32,K32,"M")&"м."&DATEDIF(J32,K32,"MD")&"д.", DATEDIF(J32,K32,"Y")&"р."&DATEDIF(J32,K32,"YM")&"м."&DATEDIF(J32,K32,"MD")&"д."), IF(DATEDIF(J32,$F$14,"Y")=0,DATEDIF(J32,$F$14,"M")&"м."&DATEDIF(J32,$F$14,"MD")&"д.", DATEDIF(J32,$F$14,"Y")&"р."&DATEDIF(J32,$F$14,"YM")&"м."&DATEDIF(J32,$F$14,"MD")&"д.")) -> 11р.4м.26д. | N32: =VLOOKUP(_xlfn.CONCAT(C32," ",D32," ",E32),Відділи!$B$2:$C$101,2,0) -> Бухгалтерія | O32: =IFERROR(DATEDIF(F32,K32,"Y"),"")
B33: 40 | C33: Юрченко | D33: Анатолій | E33: Петрович | F33: 24595 | G33: =IF(RIGHT(E33,1)="ч","чоловіча","жіноча") -> чоловіча | H33: =ROUNDDOWN((J33-F33)/365.25,0) -> 44 | I33: =IF(H33>=60,"так","ні") -> ні | J33: 40889 | K33: 44112 | L33: =IFERROR(IF(DATEDIF(J33,K33,"Y")=0,DATEDIF(J33,K33,"M")&"м."&DATEDIF(J33,K33,"MD")&"д.", DATEDIF(J33,K33,"Y")&"р."&DATEDIF(J33,K33,"YM")&"м."&DATEDIF(J33,K33,"MD")&"д."), IF(DATEDIF(J33,$F$14,"Y")=0,DATEDIF(J33,$F$14,"M")&"м."&DATEDIF(J33,$F$14,"MD")&"д.", DATEDIF(J33,$F$14,"Y")&"р."&DATEDIF(J33,$F$14,"YM")&"м."&DATEDIF(J33,$F$14,"MD")&"д.")) -> 8р.9м.26д. | M33: завершення трудового договору | N33: =VLOOKUP(_xlfn.CONCAT(C33," ",D33," ",E33),Відділи!$B$2:$C$101,2,0) -> Бухгалтерія | O33: =IFERROR(DATEDIF(F33,K33,"Y"),"") -> 53
B34: 5 | C34: Бойко | D34: Юрій | E34: Анатолійович | F34: 32924 | G34: =IF(RIGHT(E34,1)="ч","чоловіча","жіноча") -> чоловіча | H34: =ROUNDDOWN((J34-F34)/365.25,0) -> 19 | I34: =IF(H34>=60,"так","ні") -> ні | J34: 40058 | L34: =IFERROR(IF(DATEDIF(J34,K34,"Y")=0,DATEDIF(J34,K34,"M")&"м."&DATEDIF(J34,K34,"MD")&"д.", DATEDIF(J34,K34,"Y")&"р."&DATEDIF(J34,K34,"YM")&"м."&DATEDIF(J34,K34,"MD")&"д."), IF(DATEDIF(J34,$F$14,"Y")=0,DATEDIF(J34,$F$14,"M")&"м."&DATEDIF(J34,$F$14,"MD")&"д.", DATEDIF(J34,$F$14,"Y")&"р."&DATEDIF(J34,$F$14,"YM")&"м."&DATEDIF(J34,$F$14,"MD")&"д.")) -> 13р.3м.30д. | N34: =VLOOKUP(_xlfn.CONCAT(C34," ",D34," ",E34),Відділи!$B$2:$C$101,2,0) -> Відділ збуту | O34: =IFERROR(DATEDIF(F34,K34,"Y"),"")
B35: 71 | C35: Вовк | D35: Федір | E35: Кіндратович | F35: 27582 | G35: =IF(RIGHT(E35,1)="ч","чоловіча","жіноча") -> чоловіча | H35: =ROUNDDOWN((J35-F35)/365.25,0) -> 38 | I35: =IF(H35>=60,"так","ні") -> ні | J35: 41594 | K35: 41773 | L35: =IFERROR(IF(DATEDIF(J35,K35,"Y")=0,DATEDIF(J35,K35,"M")&"м."&DATEDIF(J35,K35,"MD")&"д.", DATEDIF(J35,K35,"Y")&"р."&DATEDIF(J35,K35,"YM")&"м."&DATEDIF(J35,K35,"MD")&"д."), IF(DATEDIF(J35,$F$14,"Y")=0,DATEDIF(J35,$F$14,"M")&"м."&DATEDIF(J35,$F$14,"MD")&"д.", DATEDIF(J35,$F$14,"Y")&"р."&DATEDIF(J35,$F$14,"YM")&"м."&DATEDIF(J35,$F$14,"MD")&"д.")) -> 5м.28д. | M35: за згодою сторін | N35: =VLOOKUP(_xlfn.CONCAT(C35," ",D35," ",E35),Відділи!$B$2:$C$101,2,0) -> Відділ збуту | O35: =IFERROR(DATEDIF(F35,K35,"Y"),"") -> 38
B36: 94 | C36: Гордієнко | D36: Наталія | E36: Володимирівна | F36: 21594 | G36: =IF(RIGHT(E36,1)="ч","чоловіча","жіноча") -> жіноча | H36: =ROUNDDOWN((J36-F36)/365.25,0) -> 52 | I36: =IF(H36>=60,"так","ні") -> ні | J36: 40665 | K36: 42641 | L36: =IFERROR(IF(DATEDIF(J36,K36,"Y")=0,DATEDIF(J36,K36,"M")&"м."&DATEDIF(J36,K36,"MD")&"д.", DATEDIF(J36,K36,"Y")&"р."&DATEDIF(J36,K36,"YM")&"м."&DATEDIF(J36,K36,"MD")&"д."), IF(DATEDIF(J36,$F$14,"Y")=0,DATEDIF(J36,$F$14,"M")&"м."&DATEDIF(J36,$F$14,"MD")&"д.", DATEDIF(J36,$F$14,"Y")&"р."&DATEDIF(J36,$F$14,"YM")&"м."&DATEDIF(J36,$F$14,"MD")&"д.")) -> 5р.4м.26д. | M36: за згодою сторін | N36: =VLOOKUP(_xlfn.CONCAT(C36," ",D36," ",E36),Відділи!$B$2:$C$101,2,0) -> Відділ збуту | O36: =IFERROR(DATEDIF(F36,K36,"Y"),"") -> 57
B37: 100 | C37: Денисенко | D37: Лариса | E37: Володимирівна | F37: 24923 | G37: =IF(RIGHT(E37,1)="ч","чоловіча","жіноча") -> жіноча | H37: =ROUNDDOWN((J37-F37)/365.25,0) -> 40 | I37: =IF(H37>=60,"так","ні") -> ні | J37: 39546 | K37: 41320 | L37: =IFERROR(IF(DATEDIF(J37,K37,"Y")=0,DATEDIF(J37,K37,"M")&"м."&DATEDIF(J37,K37,"MD")&"д.", DATEDIF(J37,K37,"Y")&"р."&DATEDIF(J37,K37,"YM")&"м."&DATEDIF(J37,K37,"MD")&"д."), IF(DATEDIF(J37,$F$14,"Y")=0,DATEDIF(J37,$F$14,"M")&"м."&DATEDIF(J37,$F$14,"MD")&"д.", DATEDIF(J37,$F$14,"Y")&"р."&DATEDIF(J37,$F$14,"YM")&"м."&DATEDIF(J37,$F$14,"MD")&"д.")) -> 4р.10м.7д. | M37: за власним бажанням | N37: =VLOOKUP(_xlfn.CONCAT(C37," ",D37," ",E37),Відділи!$B$2:$C$101,2,0) -> Відділ збуту | O37: =IFERROR(DATEDIF(F37,K37,"Y"),"") -> 44
B38: 25 | C38: Іванов | D38: Микола | E38: Кузьмич | F38: 33931 | G38: =IF(RIGHT(E38,1)="ч","чоловіча","жіноча") -> чоловіча | H38: =ROUNDDOWN((J38-F38)/365.25,0) -> 21 | I38: =IF(H38>=60,"так","ні") -> ні | J38: 41690 | L38: =IFERROR(IF(DATEDIF(J38,K38,"Y")=0,DATEDIF(J38,K38,"M")&"м."&DATEDIF(J38,K38,"MD")&"д.", DATEDIF(J38,K38,"Y")&"р."&DATEDIF(J38,K38,"YM")&"м."&DATEDIF(J38,K38,"MD")&"д."), IF(DATEDIF(J38,$F$14,"Y")=0,DATEDIF(J38,$F$14,"M")&"м."&DATEDIF(J38,$F$14,"MD")&"д.", DATEDIF(J38,$F$14,"Y")&"р."&DATEDIF(J38,$F$14,"YM")&"м."&DATEDIF(J38,$F$14,"MD")&"д.")) -> 8р.10м.12д. | N38: =VLOOKUP(_xlfn.CONCAT(C38," ",D38," ",E38),Відділи!$B$2:$C$101,2,0) -> Відділ збуту | O38: =IFERROR(DATEDIF(F38,K38,"Y"),"")
B39: 74 | C39: Ковальова | D39: Ірина | E39: Федорівна | F39: 22060 | G39: =IF(RIGHT(E39,1)="ч","чоловіча","жіноча") -> жіноча | H39: =ROUNDDOWN((J39-F39)/365.25,0) -> 51 | I39: =IF(H39>=60,"так","ні") -> ні | J39: 40729 | L39: =IFERROR(IF(DATEDIF(J39,K39,"Y")=0,DATEDIF(J39,K39,"M")&"м."&DATEDIF(J39,K39,"MD")&"д.", DATEDIF(J39,K39,"Y")&"р."&DATEDIF(J39,K39,"YM")&"м."&DATEDIF(J39,K39,"MD")&"д."), IF(DATEDIF(J39,$F$14,"Y")=0,DATEDIF(J39,$F$14,"M")&"м."&DATEDIF(J39,$F$14,"MD")&"д.", DATEDIF(J39,$F$14,"Y")&"р."&DATEDIF(J39,$F$14,"YM")&"м."&DATEDIF(J39,$F$14,"MD")&"д.")) -> 11р.5м.27д. | N39: =VLOOKUP(_xlfn.CONCAT(C39," ",D39," ",E39),Відділи!$B$2:$C$101,2,0) -> Відділ збуту | O39: =IFERROR(DATEDIF(F39,K39,"Y"),"")
B40: 45 | C40: Кушнір | D40: Ігор | E40: Миколайович | F40: 26689 | G40: =IF(RIGHT(E40,1)="ч","чоловіча","жіноча") -> чоловіча | H40: =ROUNDDOWN((J40-F40)/365.25,0) -> 42 | I40: =IF(H40>=60,"так","ні") -> ні | J40: 42041 | L40: =IFERROR(IF(DATEDIF(J40,K40,"Y")=0,DATEDIF(J40,K40,"M")&"м."&DATEDIF(J40,K40,"MD")&"д.", DATEDIF(J40,K40,"Y")&"р."&DATEDIF(J40,K40,"YM")&"м."&DATEDIF(J40,K40,"MD")&"д."), IF(DATEDIF(J40,$F$14,"Y")=0,DATEDIF(J40,$F$14,"M")&"м."&DATEDIF(J40,$F$14,"MD")&"д.", DATEDIF(J40,$F$14,"Y")&"р."&DATEDIF(J40,$F$14,"YM")&"м."&DATEDIF(J40,$F$14,"MD")&"д.")) -> 7р.10м.26д. | N40: =VLOOKUP(_xlfn.CONCAT(C40," ",D40," ",E40),Відділи!$B$2:$C$101,2,0) -> Відділ збуту | O40: =IFERROR(DATEDIF(F40,K40,"Y"),"")
B41: 30 | C41: Левченко | D41: Юлія | E41: Андріївна | F41: 33220 | G41: =IF(RIGHT(E41,1)="ч","чоловіча","жіноча") -> жіноча | H41: =ROUNDDOWN((J41-F41)/365.25,0) -> 16 | I41: =IF(H41>=60,"так","ні") -> ні | J41: 39417 | L41: =IFERROR(IF(DATEDIF(J41,K41,"Y")=0,DATEDIF(J41,K41,"M")&"м."&DATEDIF(J41,K41,"MD")&"д.", DATEDIF(J41,K41,"Y")&"р."&DATEDIF(J41,K41,"YM")&"м."&DATEDIF(J41,K41,"MD")&"д."), IF(DATEDIF(J41,$F$14,"Y")=0,DATEDIF(J41,$F$14,"M")&"м."&DATEDIF(J41,$F$14,"MD")&"д.", DATEDIF(J41,$F$14,"Y")&"р."&DATEDIF(J41,$F$14,"YM")&"м."&DATEDIF(J41,$F$14,"MD")&"д.")) -> 15р.1м.0д. | N41: =VLOOKUP(_xlfn.CONCAT(C41," ",D41," ",E41),Відділи!$B$2:$C$101,2,0) -> Відділ збуту | O41: =IFERROR(DATEDIF(F41,K41,"Y"),"")
B42: 20 | C42: Лисенко | D42: Микола | E42: Віталійович | F42: 18715 | G42: =IF(RIGHT(E42,1)="ч","чоловіча","жіноча") -> чоловіча | H42: =ROUNDDOWN((J42-F42)/365.25,0) -> 64 | I42: =IF(H42>=60,"так","ні") -> так | J42: 42233 | L42: =IFERROR(IF(DATEDIF(J42,K42,"Y")=0,DATEDIF(J42,K42,"M")&"м."&DATEDIF(J42,K42,"MD")&"д.", DATEDIF(J42,K42,"Y")&"р."&DATEDIF(J42,K42,"YM")&"м."&DATEDIF(J42,K42,"MD")&"д."), IF(DATEDIF(J42,$F$14,"Y")=0,DATEDIF(J42,$F$14,"M")&"м."&DATEDIF(J42,$F$14,"MD")&"д.", DATEDIF(J42,$F$14,"Y")&"р."&DATEDIF(J42,$F$14,"YM")&"м."&DATEDIF(J42,$F$14,"MD")&"д.")) -> 7р.4м.15д. | N42: =VLOOKUP(_xlfn.CONCAT(C42," ",D42," ",E42),Відділи!$B$2:$C$101,2,0) -> Відділ збуту | O42: =IFERROR(DATEDIF(F42,K42,"Y"),"")
B43: 47 | C43: Мартинюк | D43: Адам | E43: Іванович | F43: 21994 | G43: =IF(RIGHT(E43,1)="ч","чоловіча","жіноча") -> чоловіча | H43: =ROUNDDOWN((J43-F43)/365.25,0) -> 47 | I43: =IF(H43>=60,"так","ні") -> ні | J43: 39257 | L43: =IFERROR(IF(DATEDIF(J43,K43,"Y")=0,DATEDIF(J43,K43,"M")&"м."&DATEDIF(J43,K43,"MD")&"д.", DATEDIF(J43,K43,"Y")&"р."&DATEDIF(J43,K43,"YM")&"м."&DATEDIF(J43,K43,"MD")&"д."), IF(DATEDIF(J43,$F$14,"Y")=0,DATEDIF(J43,$F$14,"M")&"м."&DATEDIF(J43,$F$14,"MD")&"д.", DATEDIF(J43,$F$14,"Y")&"р."&DATEDIF(J43,$F$14,"YM")&"м."&DATEDIF(J43,$F$14,"MD")&"д.")) -> 15р.6м.8д. | N43: =VLOOKUP(_xlfn.CONCAT(C43," ",D43," ",E43),Відділи!$B$2:$C$101,2,0) -> Відділ збуту | O43: =IFERROR(DATEDIF(F43,K43,"Y"),"")
B44: 65 | C44: Терещенко | D44: Михайло | E44: Іванович | F44: 26823 | G44: =IF(RIGHT(E44,1)="ч","чоловіча","жіноча") -> чоловіча | H44: =ROUNDDOWN((J44-F44)/365.25,0) -> 40 | I44: =IF(H44>=60,"так","ні") -> ні | J44: 41626 | K44: 42166 | L44: =IFERROR(IF(DATEDIF(J44,K44,"Y")=0,DATEDIF(J44,K44,"M")&"м."&DATEDIF(J44,K44,"MD")&"д.", DATEDIF(J44,K44,"Y")&"р."&DATEDIF(J44,K44,"YM")&"м."&DATEDIF(J44,K44,"MD")&"д."), IF(DATEDIF(J44,$F$14,"Y")=0,DATEDIF(J44,$F$14,"M")&"м."&DATEDIF(J44,$F$14,"MD")&"д.", DATEDIF(J44,$F$14,"Y")&"р."&DATEDIF(J44,$F$14,"YM")&"м."&DATEDIF(J44,$F$14,"MD")&"д.")) -> 1р.5м.24д. | M44: за згодою сторін | N44: =VLOOKUP(_xlfn.CONCAT(C44," ",D44," ",E44),Відділи!$B$2:$C$101,2,0) -> Відділ збуту | O44: =IFERROR(DATEDIF(F44,K44,"Y"),"") -> 42
B45: 14 | C45: Ткачук | D45: Геннадій | E45: Віталійович | F45: 31506 | G45: =IF(RIGHT(E45,1)="ч","чоловіча","жіноча") -> чоловіча | H45: =ROUNDDOWN((J45-F45)/365.25,0) -> 24 | I45: =IF(H45>=60,"так","ні") -> ні | J45: 40377 | K45: 42856 | L45: =IFERROR(IF(DATEDIF(J45,K45,"Y")=0,DATEDIF(J45,K45,"M")&"м."&DATEDIF(J45,K45,"MD")&"д.", DATEDIF(J45,K45,"Y")&"р."&DATEDIF(J45,K45,"YM")&"м."&DATEDIF(J45,K45,"MD")&"д."), IF(DATEDIF(J45,$F$14,"Y")=0,DATEDIF(J45,$F$14,"M")&"м."&DATEDIF(J45,$F$14,"MD")&"д.", DATEDIF(J45,$F$14,"Y")&"р."&DATEDIF(J45,$F$14,"YM")&"м."&DATEDIF(J45,$F$14,"MD")&"д.")) -> 6р.9м.13д. | M45: за власним бажанням | N45: =VLOOKUP(_xlfn.CONCAT(C45," ",D45," ",E45),Відділи!$B$2:$C$101,2,0) -> Відділ збуту | O45: =IFERROR(DATEDIF(F45,K45,"Y"),"") -> 31
B46: 76 | C46: Іщенко | D46: Михайло | E46: Олексійович | F46: 23629 | G46: =IF(RIGHT(E46,1)="ч","чоловіча","жіноча") -> чоловіча | H46: =ROUNDDOWN((J46-F46)/365.25,0) -> 50 | I46: =IF(H46>=60,"так","ні") -> ні | J46: 41945 | L46: =IFERROR(IF(DATEDIF(J46,K46,"Y")=0,DATEDIF(J46,K46,"M")&"м."&DATEDIF(J46,K46,"MD")&"д.", DATEDIF(J46,K46,"Y")&"р."&DATEDIF(J46,K46,"YM")&"м."&DATEDIF(J46,K46,"MD")&"д."), IF(DATEDIF(J46,$F$14,"Y")=0,DATEDIF(J46,$F$14,"M")&"м."&DATEDIF(J46,$F$14,"MD")&"д.", DATEDIF(J46,$F$14,"Y")&"р."&DATEDIF(J46,$F$14,"YM")&"м."&DATEDIF(J46,$F$14,"MD")&"д.")) -> 8р.1м.30д. | N46: =VLOOKUP(_xlfn.CONCAT(C46," ",D46," ",E46),Відділи!$B$2:$C$101,2,0) -> Відділ кадрів | O46: =IFERROR(DATEDIF(F46,K46,"Y"),"")
B47: 8 | C47: Ковальчук | D47: Кирило | E47: Сергійович | F47: 32759 | G47: =IF(RIGHT(E47,1)="ч","чоловіча","жіноча") -> чоловіча | H47: =ROUNDDOWN((J47-F47)/365.25,0) -> 19 | I47: =IF(H47>=60,"так","ні") -> ні | J47: 39706 | K47: 42633 | L47: =IFERROR(IF(DATEDIF(J47,K47,"Y")=0,DATEDIF(J47,K47,"M")&"м."&DATEDIF(J47,K47,"MD")&"д.", DATEDIF(J47,K47,"Y")&"р."&DATEDIF(J47,K47,"YM")&"м."&DATEDIF(J47,K47,"MD")&"д."), IF(DATEDIF(J47,$F$14,"Y")=0,DATEDIF(J47,$F$14,"M")&"м."&DATEDIF(J47,$F$14,"MD")&"д.", DATEDIF(J47,$F$14,"Y")&"р."&DATEDIF(J47,$F$14,"YM")&"м."&DATEDIF(J47,$F$14,"MD")&"д.")) -> 8р.0м.5д. | M47: не відповідність | N47: =VLOOKUP(_xlfn.CONCAT(C47," ",D47," ",E47),Відділи!$B$2:$C$101,2,0) -> Відділ кадрів | O47: =IFERROR(DATEDIF(F47,K47,"Y"),"") -> 27
B48: 51 | C48: Кулик | D48: Григорій | E48: Іванович | F48: 28427 | G48: =IF(RIGHT(E48,1)="ч","чоловіча","жіноча") -> чоловіча | H48: =ROUNDDOWN((J48-F48)/365.25,0) -> 35 | I48: =IF(H48>=60,"так","ні") -> ні | J48: 41306 | K48: 43946 | L48: =IFERROR(IF(DATEDIF(J48,K48,"Y")=0,DATEDIF(J48,K48,"M")&"м."&DATEDIF(J48,K48,"MD")&"д.", DATEDIF(J48,K48,"Y")&"р."&DATEDIF(J48,K48,"YM")&"м."&DATEDIF(J48,K48,"MD")&"д."), IF(DATEDIF(J48,$F$14,"Y")=0,DATEDIF(J48,$F$14,"M")&"м."&DATEDIF(J48,$F$14,"MD")&"д.", DATEDIF(J48,$F$14,"Y")&"р."&DATEDIF(J48,$F$14,"YM")&"м."&DATEDIF(J48,$F$14,"MD")&"д.")) -> 7р.2м.24д. | M48: скорочення штату | N48: =VLOOKUP(_xlfn.CONCAT(C48," ",D48," ",E48),Відділи!$B$2:$C$101,2,0) -> Відділ кадрів | O48: =IFERROR(DATEDIF(F48,K48,"Y"),"") -> 42
B49: 41 | C49: Мазур | D49: Алла | E49: Григорівна | F49: 33477 | G49: =IF(RIGHT(E49,1)="ч","чоловіча","жіноча") -> жіноча | H49: =ROUNDDOWN((J49-F49)/365.25,0) -> 16 | I49: =IF(H49>=60,"так","ні") -> ні | J49: 39514 | K49: 39699 | L49: =IFERROR(IF(DATEDIF(J49,K49,"Y")=0,DATEDIF(J49,K49,"M")&"м."&DATEDIF(J49,K49,"MD")&"д.", DATEDIF(J49,K49,"Y")&"р."&DATEDIF(J49,K49,"YM")&"м."&DATEDIF(J49,K49,"MD")&"д."), IF(DATEDIF(J49,$F$14,"Y")=0,DATEDIF(J49,$F$14,"M")&"м."&DATEDIF(J49,$F$14,"MD")&"д.", DATEDIF(J49,$F$14,"Y")&"р."&DATEDIF(J49,$F$14,"YM")&"м."&DATEDIF(J49,$F$14,"MD")&"д.")) -> 6м.1д. | M49: не відповідність | N49: =VLOOKUP(_xlfn.CONCAT(C49," ",D49," ",E49),Відділи!$B$2:$C$101,2,0) -> Відділ кадрів | O49: =IFERROR(DATEDIF(F49,K49,"Y"),"") -> 17
B50: 83 | C50: Москаленко | D50: Лариса | E50: Віталіївна | F50: 15393 | G50: =IF(RIGHT(E50,1)="ч","чоловіча","жіноча") -> жіноча | H50: =ROUNDDOWN((J50-F50)/365.25,0) -> 69 | I50: =IF(H50>=60,"так","ні") -> так | J50: 40697 | K50: 44045 | L50: =IFERROR(IF(DATEDIF(J50,K50,"Y")=0,DATEDIF(J50,K50,"M")&"м."&DATEDIF(J50,K50,"MD")&"д.", DATEDIF(J50,K50,"Y")&"р."&DATEDIF(J50,K50,"YM")&"м."&DATEDIF(J50,K50,"MD")&"д."), IF(DATEDIF(J50,$F$14,"Y")=0,DATEDIF(J50,$F$14,"M")&"м."&DATEDIF(J50,$F$14,"MD")&"д.", DATEDIF(J50,$F$14,"Y")&"р."&DATEDIF(J50,$F$14,"YM")&"м."&DATEDIF(J50,$F$14,"MD")&"д.")) -> 9р.1м.30д. | M50: за власним бажанням | N50: =VLOOKUP(_xlfn.CONCAT(C50," ",D50," ",E50),Відділи!$B$2:$C$101,2,0) -> Відділ кадрів | O50: =IFERROR(DATEDIF(F50,K50,"Y"),"") -> 78
B51: 39 | C51: Панченко | D51: Любов | E51: Михайлівна | F51: 25911 | G51: =IF(RIGHT(E51,1)="ч","чоловіча","жіноча") -> жіноча | H51: =ROUNDDOWN((J51-F51)/365.25,0) -> 36 | I51: =IF(H51>=60,"так","ні") -> ні | J51: 39097 | K51: 39334 | L51: =IFERROR(IF(DATEDIF(J51,K51,"Y")=0,DATEDIF(J51,K51,"M")&"м."&DATEDIF(J51,K51,"MD")&"д.", DATEDIF(J51,K51,"Y")&"р."&DATEDIF(J51,K51,"YM")&"м."&DATEDIF(J51,K51,"MD")&"д."), IF(DATEDIF(J51,$F$14,"Y")=0,DATEDIF(J51,$F$14,"M")&"м."&DATEDIF(J51,$F$14,"MD")&"д.", DATEDIF(J51,$F$14,"Y")&"р."&DATEDIF(J51,$F$14,"YM")&"м."&DATEDIF(J51,$F$14,"MD")&"д.")) -> 7м.25д. | M51: за згодою сторін | N51: =VLOOKUP(_xlfn.CONCAT(C51," ",D51," ",E51),Відділи!$B$2:$C$101,2,0) -> Відділ кадрів | O51: =IFERROR(DATEDIF(F51,K51,"Y"),"") -> 36
B52: 54 | C52: Семенюк | D52: Валентина | E52: Петрівна | F52: 27879 | G52: =IF(RIGHT(E52,1)="ч","чоловіча","жіноча") -> жіноча | H52: =ROUNDDOWN((J52-F52)/365.25,0) -> 38 | I52: =IF(H52>=60,"так","ні") -> ні | J52: 41913 | L52: =IFERROR(IF(DATEDIF(J52,K52,"Y")=0,DATEDIF(J52,K52,"M")&"м."&DATEDIF(J52,K52,"MD")&"д.", DATEDIF(J52,K52,"Y")&"р."&DATEDIF(J52,K52,"YM")&"м."&DATEDIF(J52,K52,"MD")&"д."), IF(DATEDIF(J52,$F$14,"Y")=0,DATEDIF(J52,$F$14,"M")&"м."&DATEDIF(J52,$F$14,"MD")&"д.", DATEDIF(J52,$F$14,"Y")&"р."&DATEDIF(J52,$F$14,"YM")&"м."&DATEDIF(J52,$F$14,"MD")&"д.")) -> 8р.3м.0д. | N52: =VLOOKUP(_xlfn.CONCAT(C52," ",D52," ",E52),Відділи!$B$2:$C$101,2,0) -> Відділ кадрів | O52: =IFERROR(DATEDIF(F52,K52,"Y"),"")
B53: 69 | C53: Тарасенко | D53: Катерина | E53: Миколаївна | F53: 29875 | G53: =IF(RIGHT(E53,1)="ч","чоловіча","жіноча") -> жіноча | H53: =ROUNDDOWN((J53-F53)/365.25,0) -> 25 | I53: =IF(H53>=60,"так","ні") -> ні | J53: 39321 | L53: =IFERROR(IF(DATEDIF(J53,K53,"Y")=0,DATEDIF(J53,K53,"M")&"м."&DATEDIF(J53,K53,"MD")&"д.", DATEDIF(J53,K53,"Y")&"р."&DATEDIF(J53,K53,"YM")&"м."&DATEDIF(J53,K53,"MD")&"д."), IF(DATEDIF(J53,$F$14,"Y")=0,DATEDIF(J53,$F$14,"M")&"м."&DATEDIF(J53,$F$14,"MD")&"д.", DATEDIF(J53,$F$14,"Y")&"р."&DATEDIF(J53,$F$14,"YM")&"м."&DATEDIF(J53,$F$14,"MD")&"д.")) -> 15р.4м.5д. | N53: =VLOOKUP(_xlfn.CONCAT(C53," ",D53," ",E53),Відділи!$B$2:$C$101,2,0) -> Відділ кадрів | O53: =IFERROR(DATEDIF(F53,K53,"Y"),"")
B54: 42 | C54: Хоменко | D54: Микола | E54: Григорович | F54: 21710 | G54: =IF(RIGHT(E54,1)="ч","чоловіча","жіноча") -> чоловіча | H54: =ROUNDDOWN((J54-F54)/365.25,0) -> 50 | I54: =IF(H54>=60,"так","ні") -> ні | J54: 40186 | K54: 42650 | L54: =IFERROR(IF(DATEDIF(J54,K54,"Y")=0,DATEDIF(J54,K54,"M")&"м."&DATEDIF(J54,K54,"MD")&"д.", DATEDIF(J54,K54,"Y")&"р."&DATEDIF(J54,K54,"YM")&"м."&DATEDIF(J54,K54,"MD")&"д."), IF(DATEDIF(J54,$F$14,"Y")=0,DATEDIF(J54,$F$14,"M")&"м."&DATEDIF(J54,$F$14,"MD")&"д.", DATEDIF(J54,$F$14,"Y")&"р."&DATEDIF(J54,$F$14,"YM")&"м."&DATEDIF(J54,$F$14,"MD")&"д.")) -> 6р.8м.29д. | M54: за згодою сторін | N54: =VLOOKUP(_xlfn.CONCAT(C54," ",D54," ",E54),Відділи!$B$2:$C$101,2,0) -> Відділ кадрів | O54: =IFERROR(DATEDIF(F54,K54,"Y"),"") -> 57
B55: 34 | C55: Гаврилюк | D55: Михайло | E55: Віталійович | F55: 21569 | G55: =IF(RIGHT(E55,1)="ч","чоловіча","жіноча") -> чоловіча | H55: =ROUNDDOWN((J55-F55)/365.25,0) -> 55 | I55: =IF(H55>=60,"так","ні") -> ні | J55: 41721 | K55: 43575 | L55: =IFERROR(IF(DATEDIF(J55,K55,"Y")=0,DATEDIF(J55,K55,"M")&"м."&DATEDIF(J55,K55,"MD")&"д.", DATEDIF(J55,K55,"Y")&"р."&DATEDIF(J55,K55,"YM")&"м."&DATEDIF(J55,K55,"MD")&"д."), IF(DATEDIF(J55,$F$14,"Y")=0,DATEDIF(J55,$F$14,"M")&"м."&DATEDIF(J55,$F$14,"MD")&"д.", DATEDIF(J55,$F$14,"Y")&"р."&DATEDIF(J55,$F$14,"YM")&"м."&DATEDIF(J55,$F$14,"MD")&"д.")) -> 5р.0м.28д. | M55: за власним бажанням | N55: =VLOOKUP(_xlfn.CONCAT(C55," ",D55," ",E55),Відділи!$B$2:$C$101,2,0) -> Господарський відділ | O55: =IFERROR(DATEDIF(F55,K55,"Y"),"") -> 60
B56: 89 | C56: Герасименко | D56: Світлана | E56: Іванівна | F56: 30489 | G56: =IF(RIGHT(E56,1)="ч","чоловіча","жіноча") -> жіноча | H56: =ROUNDDOWN((J56-F56)/365.25,0) -> 26 | I56: =IF(H56>=60,"так","ні") -> ні | J56: 40313 | L56: =IFERROR(IF(DATEDIF(J56,K56,"Y")=0,DATEDIF(J56,K56,"M")&"м."&DATEDIF(J56,K56,"MD")&"д.", DATEDIF(J56,K56,"Y")&"р."&DATEDIF(J56,K56,"YM")&"м."&DATEDIF(J56,K56,"MD")&"д."), IF(DATEDIF(J56,$F$14,"Y")=0,DATEDIF(J56,$F$14,"M")&"м."&DATEDIF(J56,$F$14,"MD")&"д.", DATEDIF(J56,$F$14,"Y")&"р."&DATEDIF(J56,$F$14,"YM")&"м."&DATEDIF(J56,$F$14,"MD")&"д.")) -> 12р.7м.17д. | N56: =VLOOKUP(_xlfn.CONCAT(C56," ",D56," ",E56),Відділи!$B$2:$C$101,2,0) -> Господарський відділ | O56: =IFERROR(DATEDIF(F56,K56,"Y"),"")
B57: 92 | C57: Гончар | D57: Олесь | E57: Терентійович | F57: 31700 | G57: =IF(RIGHT(E57,1)="ч","чоловіча","жіноча") -> чоловіча | H57: =ROUNDDOWN((J57-F57)/365.25,0) -> 24 | I57: =IF(H57>=60,"так","ні") -> ні | J57: 40505 | K57: 44492 | L57: =IFERROR(IF(DATEDIF(J57,K57,"Y")=0,DATEDIF(J57,K57,"M")&"м."&DATEDIF(J57,K57,"MD")&"д.", DATEDIF(J57,K57,"Y")&"р."&DATEDIF(J57,K57,"YM")&"м."&DATEDIF(J57,K57,"MD")&"д."), IF(DATEDIF(J57,$F$14,"Y")=0,DATEDIF(J57,$F$14,"M")&"м."&DATEDIF(J57,$F$14,"MD")&"д.", DATEDIF(J57,$F$14,"Y")&"р."&DATEDIF(J57,$F$14,"YM")&"м."&DATEDIF(J57,$F$14,"MD")&"д.")) -> 10р.11м.0д. | M57: завершення трудового договору | N57: =VLOOKUP(_xlfn.CONCAT(C57," ",D57," ",E57),Відділи!$B$2:$C$101,2,0) -> Господарський відділ | O57: =IFERROR(DATEDIF(F57,K57,"Y"),"") -> 35
B58: 53 | C58: Костюк | D58: Марта | E58: Олегівна | F58: 30057 | G58: =IF(RIGHT(E58,1)="ч","чоловіча","жіноча") -> жіноча | H58: =ROUNDDOWN((J58-F58)/365.25,0) -> 27 | I58: =IF(H58>=60,"так","ні") -> ні | J58: 40218 | K58: 43883 | L58: =IFERROR(IF(DATEDIF(J58,K58,"Y")=0,DATEDIF(J58,K58,"M")&"м."&DATEDIF(J58,K58,"MD")&"д.", DATEDIF(J58,K58,"Y")&"р."&DATEDIF(J58,K58,"YM")&"м."&DATEDIF(J58,K58,"MD")&"д."), IF(DATEDIF(J58,$F$14,"Y")=0,DATEDIF(J58,$F$14,"M")&"м."&DATEDIF(J58,$F$14,"MD")&"д.", DATEDIF(J58,$F$14,"Y")&"р."&DATEDIF(J58,$F$14,"YM")&"м."&DATEDIF(J58,$F$14,"MD")&"д.")) -> 10р.0м.13д. | M58: за власним бажанням | N58: =VLOOKUP(_xlfn.CONCAT(C58," ",D58," ",E58),Відділи!$B$2:$C$101,2,0) -> Господарський відділ | O58: =IFERROR(DATEDIF(F58,K58,"Y"),"") -> 37
B59: 26 | C59: Кузьменко | D59: Юлія | E59: Леонідівна | F59: 27653 | G59: =IF(RIGHT(E59,1)="ч","чоловіча","жіноча") -> жіноча | H59: =ROUNDDOWN((J59-F59)/365.25,0) -> 34 | I59: =IF(H59>=60,"так","ні") -> ні | J59: 40154 | K59: 42329 | L59: =IFERROR(IF(DATEDIF(J59,K59,"Y")=0,DATEDIF(J59,K59,"M")&"м."&DATEDIF(J59,K59,"MD")&"д.", DATEDIF(J59,K59,"Y")&"р."&DATEDIF(J59,K59,"YM")&"м."&DATEDIF(J59,K59,"MD")&"д."), IF(DATEDIF(J59,$F$14,"Y")=0,DATEDIF(J59,$F$14,"M")&"м."&DATEDIF(J59,$F$14,"MD")&"д.", DATEDIF(J59,$F$14,"Y")&"р."&DATEDIF(J59,$F$14,"YM")&"м."&DATEDIF(J59,$F$14,"MD")&"д.")) -> 5р.11м.14д. | M59: за власним бажанням | N59: =VLOOKUP(_xlfn.CONCAT(C59," ",D59," ",E59),Відділи!$B$2:$C$101,2,0) -> Господарський відділ | O59: =IFERROR(DATEDIF(F59,K59,"Y"),"") -> 40
B60: 23 | C60: Павленко | D60: Віктор | E60: Олексійович | F60: 17031 | G60: =IF(RIGHT(E60,1)="ч","чоловіча","жіноча") -> чоловіча | H60: =ROUNDDOWN((J60-F60)/365.25,0) -> 67 | I60: =IF(H60>=60,"так","ні") -> так | J60: 41753 | K60: 42085 | L60: =IFERROR(IF(DATEDIF(J60,K60,"Y")=0,DATEDIF(J60,K60,"M")&"м."&DATEDIF(J60,K60,"MD")&"д.", DATEDIF(J60,K60,"Y")&"р."&DATEDIF(J60,K60,"YM")&"м."&DATEDIF(J60,K60,"MD")&"д."), IF(DATEDIF(J60,$F$14,"Y")=0,DATEDIF(J60,$F$14,"M")&"м."&DATEDIF(J60,$F$14,"MD")&"д.", DATEDIF(J60,$F$14,"Y")&"р."&DATEDIF(J60,$F$14,"YM")&"м."&DATEDIF(J60,$F$14,"MD")&"д.")) -> 10м.26д. | M60: не відповідність | N60: =VLOOKUP(_xlfn.CONCAT(C60," ",D60," ",E60),Відділи!$B$2:$C$101,2,0) -> Господарський відділ | O60: =IFERROR(DATEDIF(F60,K60,"Y"),"") -> 68
B61: 43 | C61: Попович | D61: Павло | E61: Романович | F61: 29095 | G61: =IF(RIGHT(E61,1)="ч","чоловіча","жіноча") -> чоловіча | H61: =ROUNDDOWN((J61-F61)/365.25,0) -> 34 | I61: =IF(H61>=60,"так","ні") -> ні | J61: 41658 | K61: 42149 | L61: =IFERROR(IF(DATEDIF(J61,K61,"Y")=0,DATEDIF(J61,K61,"M")&"м."&DATEDIF(J61,K61,"MD")&"д.", DATEDIF(J61,K61,"Y")&"р."&DATEDIF(J61,K61,"YM")&"м."&DATEDIF(J61,K61,"MD")&"д."), IF(DATEDIF(J61,$F$14,"Y")=0,DATEDIF(J61,$F$14,"M")&"м."&DATEDIF(J61,$F$14,"MD")&"д.", DATEDIF(J61,$F$14,"Y")&"р."&DATEDIF(J61,$F$14,"YM")&"м."&DATEDIF(J61,$F$14,"MD")&"д.")) -> 1р.4м.6д. | M61: порушення трудового договору | N61: =VLOOKUP(_xlfn.CONCAT(C61," ",D61," ",E61),Відділи!$B$2:$C$101,2,0) -> Господарський відділ | O61: =IFERROR(DATEDIF(F61,K61,"Y"),"") -> 35
B62: 96 | C62: Прокопенко | D62: Денис | E62: Геннадійович | F62: 28324 | G62: =IF(RIGHT(E62,1)="ч","чоловіча","жіноча") -> чоловіча | H62: =ROUNDDOWN((J62-F62)/365.25,0) -> 33 | I62: =IF(H62>=60,"так","ні") -> ні | J62: 40441 | K62: 43414 | L62: =IFERROR(IF(DATEDIF(J62,K62,"Y")=0,DATEDIF(J62,K62,"M")&"м."&DATEDIF(J62,K62,"MD")&"д.", DATEDIF(J62,K62,"Y")&"р."&DATEDIF(J62,K62,"YM")&"м."&DATEDIF(J62,K62,"MD")&"д."), IF(DATEDIF(J62,$F$14,"Y")=0,DATEDIF(J62,$F$14,"M")&"м."&DATEDIF(J62,$F$14,"MD")&"д.", DATEDIF(J62,$F$14,"Y")&"р."&DATEDIF(J62,$F$14,"YM")&"м."&DATEDIF(J62,$F$14,"MD")&"д.")) -> 8р.1м.21д. | M62: за власним бажанням | N62: =VLOOKUP(_xlfn.CONCAT(C62," ",D62," ",E62),Відділи!$B$2:$C$101,2,0) -> Господарський відділ | O62: =IFERROR(DATEDIF(F62,K62,"Y"),"") -> 41
B63: 6 | C63: Ткаченко | D63: Олександр | E63: Миколайович | F63: 14246 | G63: =IF(RIGHT(E63,1)="ч","чоловіча","жіноча") -> чоловіча | H63: =ROUNDDOWN((J63-F63)/365.25,0) -> 75 | I63: =IF(H63>=60,"так","ні") -> так | J63: 41881 | K63: 43076 | L63: =IFERROR(IF(DATEDIF(J63,K63,"Y")=0,DATEDIF(J63,K63,"M")&"м."&DATEDIF(J63,K63,"MD")&"д.", DATEDIF(J63,K63,"Y")&"р."&DATEDIF(J63,K63,"YM")&"м."&DATEDIF(J63,K63,"MD")&"д."), IF(DATEDIF(J63,$F$14,"Y")=0,DATEDIF(J63,$F$14,"M")&"м."&DATEDIF(J63,$F$14,"MD")&"д.", DATEDIF(J63,$F$14,"Y")&"р."&DATEDIF(J63,$F$14,"YM")&"м."&DATEDIF(J63,$F$14,"MD")&"д.")) -> 3р.3м.7д. | M63: за власним бажанням | N63: =VLOOKUP(_xlfn.CONCAT(C63," ",D63," ",E63),Відділи!$B$2:$C$101,2,0) -> Господарський відділ | O63: =IFERROR(DATEDIF(F63,K63,"Y"),"") -> 78
B64: 11 | C64: Шевчук | D64: Святослав | E64: Юрійович | F64: 19494 | G64: =IF(RIGHT(E64,1)="ч","чоловіча","жіноча") -> чоловіча | H64: =ROUNDDOWN((J64-F64)/365.25,0) -> 59 | I64: =IF(H64>=60,"так","ні") -> ні | J64: 41114 | K64: 44251 | L64: =IFERROR(IF(DATEDIF(J64,K64,"Y")=0,DATEDIF(J64,K64,"M")&"м."&DATEDIF(J64,K64,"MD")&"д.", DATEDIF(J64,K64,"Y")&"р."&DATEDIF(J64,K64,"YM")&"м."&DATEDIF(J64,K64,"MD")&"д."), IF(DATEDIF(J64,$F$14,"Y")=0,DATEDIF(J64,$F$14,"M")&"м."&DATEDIF(J64,$F$14,"MD")&"д.", DATEDIF(J64,$F$14,"Y")&"р."&DATEDIF(J64,$F$14,"YM")&"м."&DATEDIF(J64,$F$14,"MD")&"д.")) -> 8р.7м.0д. | M64: за власним бажанням | N64: =VLOOKUP(_xlfn.CONCAT(C64," ",D64," ",E64),Відділи!$B$2:$C$101,2,0) -> Господарський відділ | O64: =IFERROR(DATEDIF(F64,K64,"Y"),"") -> 67
B65: 29 | C65: Василенко | D65: Микола | E65: Прокопович | F65: 33895 | G65: =IF(RIGHT(E65,1)="ч","чоловіча","жіноча") -> чоловіча | H65: =ROUNDDOWN((J65-F65)/365.25,0) -> 16 | I65: =IF(H65>=60,"так","ні") -> ні | J65: 39898 | K65: 39910 | L65: =IFERROR(IF(DATEDIF(J65,K65,"Y")=0,DATEDIF(J65,K65,"M")&"м."&DATEDIF(J65,K65,"MD")&"д.", DATEDIF(J65,K65,"Y")&"р."&DATEDIF(J65,K65,"YM")&"м."&DATEDIF(J65,K65,"MD")&"д."), IF(DATEDIF(J65,$F$14,"Y")=0,DATEDIF(J65,$F$14,"M")&"м."&DATEDIF(J65,$F$14,"MD")&"д.", DATEDIF(J65,$F$14,"Y")&"р."&DATEDIF(J65,$F$14,"YM")&"м."&DATEDIF(J65,$F$14,"MD")&"д.")) -> 0м.12д. | M65: за власним бажанням | N65: =VLOOKUP(_xlfn.CONCAT(C65," ",D65," ",E65),Відділи!$B$2:$C$101,2,0) -> Дирекція | O65: =IFERROR(DATEDIF(F65,K65,"Y"),"") -> 16
B66: 86 | C66: Гуменюк | D66: Наталія | E66: Петрівна | F66: 33108 | G66: =IF(RIGHT(E66,1)="ч","чоловіча","жіноча") -> жіноча | H66: =ROUNDDOWN((J66-F66)/365.25,0) -> 23 | I66: =IF(H66>=60,"так","ні") -> ні | J66: 41562 | L66: =IFERROR(IF(DATEDIF(J66,K66,"Y")=0,DATEDIF(J66,K66,"M")&"м."&DATEDIF(J66,K66,"MD")&"д.", DATEDIF(J66,K66,"Y")&"р."&DATEDIF(J66,K66,"YM")&"м."&DATEDIF(J66,K66,"MD")&"д."), IF(DATEDIF(J66,$F$14,"Y")=0,DATEDIF(J66,$F$14,"M")&"м."&DATEDIF(J66,$F$14,"MD")&"д.", DATEDIF(J66,$F$14,"Y")&"р."&DATEDIF(J66,$F$14,"YM")&"м."&DATEDIF(J66,$F$14,"MD")&"д.")) -> 9р.2м.17д. | N66: =VLOOKUP(_xlfn.CONCAT(C66," ",D66," ",E66),Відділи!$B$2:$C$101,2,0) -> Дирекція | O66: =IFERROR(DATEDIF(F66,K66,"Y"),"")
B67: 33 | C67: Карпенко | D67: Віталій | E67: Опанасович | F67: 22516 | G67: =IF(RIGHT(E67,1)="ч","чоловіча","жіноча") -> чоловіча | H67: =ROUNDDOWN((J67-F67)/365.25,0) -> 46 | I67: =IF(H67>=60,"так","ні") -> ні | J67: 39674 | K67: 42213 | L67: =IFERROR(IF(DATEDIF(J67,K67,"Y")=0,DATEDIF(J67,K67,"M")&"м."&DATEDIF(J67,K67,"MD")&"д.", DATEDIF(J67,K67,"Y")&"р."&DATEDIF(J67,K67,"YM")&"м."&DATEDIF(J67,K67,"MD")&"д."), IF(DATEDIF(J67,$F$14,"Y")=0,DATEDIF(J67,$F$14,"M")&"м."&DATEDIF(J67,$F$14,"MD")&"д.", DATEDIF(J67,$F$14,"Y")&"р."&DATEDIF(J67,$F$14,"YM")&"м."&DATEDIF(J67,$F$14,"MD")&"д.")) -> 6р.11м.14д. | M67: за згодою сторін | N67: =VLOOKUP(_xlfn.CONCAT(C67," ",D67," ",E67),Відділи!$B$2:$C$101,2,0) -> Дирекція | O67: =IFERROR(DATEDIF(F67,K67,"Y"),"") -> 53
B68: 66 | C68: Колесник | D68: Євдокія | E68: Василівна | F68: 28525 | G68: =IF(RIGHT(E68,1)="ч","чоловіча","жіноча") -> жіноча | H68: =ROUNDDOWN((J68-F68)/365.25,0) -> 32 | I68: =IF(H68>=60,"так","ні") -> ні | J68: 40473 | K68: 41983 | L68: =IFERROR(IF(DATEDIF(J68,K68,"Y")=0,DATEDIF(J68,K68,"M")&"м."&DATEDIF(J68,K68,"MD")&"д.", DATEDIF(J68,K68,"Y")&"р."&DATEDIF(J68,K68,"YM")&"м."&DATEDIF(J68,K68,"MD")&"д."), IF(DATEDIF(J68,$F$14,"Y")=0,DATEDIF(J68,$F$14,"M")&"м."&DATEDIF(J68,$F$14,"MD")&"д.", DATEDIF(J68,$F$14,"Y")&"р."&DATEDIF(J68,$F$14,"YM")&"м."&DATEDIF(J68,$F$14,"MD")&"д.")) -> 4р.1м.18д. | M68: за власним бажанням | N68: =VLOOKUP(_xlfn.CONCAT(C68," ",D68," ",E68),Відділи!$B$2:$C$101,2,0) -> Дирекція | O68: =IFERROR(DATEDIF(F68,K68,"Y"),"") -> 36
B69: 57 | C69: Кравець | D69: Інеса | E69: Миколаївна | F69: 24147 | G69: =IF(RIGHT(E69,1)="ч","чоловіча","жіноча") -> жіноча | H69: =ROUNDDOWN((J69-F69)/365.25,0) -> 45 | I69: =IF(H69>=60,"так","ні") -> ні | J69: 40857 | K69: 42512 | L69: =IFERROR(IF(DATEDIF(J69,K69,"Y")=0,DATEDIF(J69,K69,"M")&"м."&DATEDIF(J69,K69,"MD")&"д.", DATEDIF(J69,K69,"Y")&"р."&DATEDIF(J69,K69,"YM")&"м."&DATEDIF(J69,K69,"MD")&"д."), IF(DATEDIF(J69,$F$14,"Y")=0,DATEDIF(J69,$F$14,"M")&"м."&DATEDIF(J69,$F$14,"MD")&"д.", DATEDIF(J69,$F$14,"Y")&"р."&DATEDIF(J69,$F$14,"YM")&"м."&DATEDIF(J69,$F$14,"MD")&"д.")) -> 4р.6м.12д. | M69: за власним бажанням | N69: =VLOOKUP(_xlfn.CONCAT(C69," ",D69," ",E69),Відділи!$B$2:$C$101,2,0) -> Дирекція | O69: =IFERROR(DATEDIF(F69,K69,"Y"),"") -> 50
B70: 7 | C70: Кравченко | D70: Віктор | E70: Андрійович | F70: 21218 | G70: =IF(RIGHT(E70,1)="ч","чоловіча","жіноча") -> чоловіча | H70: =ROUNDDOWN((J70-F70)/365.25,0) -> 54 | I70: =IF(H70>=60,"так","ні") -> ні | J70: 41210 | K70: 43091 | L70: =IFERROR(IF(DATEDIF(J70,K70,"Y")=0,DATEDIF(J70,K70,"M")&"м."&DATEDIF(J70,K70,"MD")&"д.", DATEDIF(J70,K70,"Y")&"р."&DATEDIF(J70,K70,"YM")&"м."&DATEDIF(J70,K70,"MD")&"д."), IF(DATEDIF(J70,$F$14,"Y")=0,DATEDIF(J70,$F$14,"M")&"м."&DATEDIF(J70,$F$14,"MD")&"д.", DATEDIF(J70,$F$14,"Y")&"р."&DATEDIF(J70,$F$14,"YM")&"м."&DATEDIF(J70,$F$14,"MD")&"д.")) -> 5р.1м.24д. | M70: за власним бажанням | N70: =VLOOKUP(_xlfn.CONCAT(C70," ",D70," ",E70),Відділи!$B$2:$C$101,2,0) -> Дирекція | O70: =IFERROR(DATEDIF(F70,K70,"Y"),"") -> 59
B71: 64 | C71: Нестеренко | D71: Олександр | E71: Володимирович | F71: 23710 | G71: =IF(RIGHT(E71,1)="ч","чоловіча","жіноча") -> чоловіча | H71: =ROUNDDOWN((J71-F71)/365.25,0) -> 50 | I71: =IF(H71>=60,"так","ні") -> ні | J71: 42105 | K71: 42627 | L71: =IFERROR(IF(DATEDIF(J71,K71,"Y")=0,DATEDIF(J71,K71,"M")&"м."&DATEDIF(J71,K71,"MD")&"д.", DATEDIF(J71,K71,"Y")&"р."&DATEDIF(J71,K71,"YM")&"м."&DATEDIF(J71,K71,"MD")&"д."), IF(DATEDIF(J71,$F$14,"Y")=0,DATEDIF(J71,$F$14,"M")&"м."&DATEDIF(J71,$F$14,"MD")&"д.", DATEDIF(J71,$F$14,"Y")&"р."&DATEDIF(J71,$F$14,"YM")&"м."&DATEDIF(J71,$F$14,"MD")&"д.")) -> 1р.5м.3д. | M71: за власним бажанням | N71: =VLOOKUP(_xlfn.CONCAT(C71," ",D71," ",E71),Відділи!$B$2:$C$101,2,0) -> Дирекція | O71: =IFERROR(DATEDIF(F71,K71,"Y"),"") -> 51
B72: 37 | C72: Попова | D72: Надія | E72: Марківна | F72: 13685 | G72: =IF(RIGHT(E72,1)="ч","чоловіча","жіноча") -> жіноча | H72: =ROUNDDOWN((J72-F72)/365.25,0) -> 72 | I72: =IF(H72>=60,"так","ні") -> так | J72: 39994 | K72: 40350 | L72: =IFERROR(IF(DATEDIF(J72,K72,"Y")=0,DATEDIF(J72,K72,"M")&"м."&DATEDIF(J72,K72,"MD")&"д.", DATEDIF(J72,K72,"Y")&"р."&DATEDIF(J72,K72,"YM")&"м."&DATEDIF(J72,K72,"MD")&"д."), IF(DATEDIF(J72,$F$14,"Y")=0,DATEDIF(J72,$F$14,"M")&"м."&DATEDIF(J72,$F$14,"MD")&"д.", DATEDIF(J72,$F$14,"Y")&"р."&DATEDIF(J72,$F$14,"YM")&"м."&DATEDIF(J72,$F$14,"MD")&"д.")) -> 11м.22д. | M72: за згодою сторін | N72: =VLOOKUP(_xlfn.CONCAT(C72," ",D72," ",E72),Відділи!$B$2:$C$101,2,0) -> Дирекція | O72: =IFERROR(DATEDIF(F72,K72,"Y"),"") -> 73
B73: 15 | C73: Савченко | D73: Надія | E73: Вікторівна | F73: 23831 | G73: =IF(RIGHT(E73,1)="ч","чоловіча","жіноча") -> жіноча | H73: =ROUNDDOWN((J73-F73)/365.25,0) -> 42 | I73: =IF(H73>=60,"так","ні") -> ні | J73: 39385 | K73: 42249 | L73: =IFERROR(IF(DATEDIF(J73,K73,"Y")=0,DATEDIF(J73,K73,"M")&"м."&DATEDIF(J73,K73,"MD")&"д.", DATEDIF(J73,K73,"Y")&"р."&DATEDIF(J73,K73,"YM")&"м."&DATEDIF(J73,K73,"MD")&"д."), IF(DATEDIF(J73,$F$14,"Y")=0,DATEDIF(J73,$F$14,"M")&"м."&DATEDIF(J73,$F$14,"MD")&"д.", DATEDIF(J73,$F$14,"Y")&"р."&DATEDIF(J73,$F$14,"YM")&"м."&DATEDIF(J73,$F$14,"MD")&"д.")) -> 7р.10м.3д. | M73: не відповідність | N73: =VLOOKUP(_xlfn.CONCAT(C73," ",D73," ",E73),Відділи!$B$2:$C$101,2,0) -> Дирекція | O73: =IFERROR(DATEDIF(F73,K73,"Y"),"") -> 50
B74: 95 | C74: Степаненко | D74: Тарас | E74: Миколайович | F74: 29826 | G74: =IF(RIGHT(E74,1)="ч","чоловіча","жіноча") -> чоловіча | H74: =ROUNDDOWN((J74-F74)/365.25,0) -> 27 | I74: =IF(H74>=60,"так","ні") -> ні | J74: 39770 | K74: 42842 | L74: =IFERROR(IF(DATEDIF(J74,K74,"Y")=0,DATEDIF(J74,K74,"M")&"м."&DATEDIF(J74,K74,"MD")&"д.", DATEDIF(J74,K74,"Y")&"р."&DATEDIF(J74,K74,"YM")&"м."&DATEDIF(J74,K74,"MD")&"д."), IF(DATEDIF(J74,$F$14,"Y")=0,DATEDIF(J74,$F$14,"M")&"м."&DATEDIF(J74,$F$14,"MD")&"д.", DATEDIF(J74,$F$14,"Y")&"р."&DATEDIF(J74,$F$14,"YM")&"м."&DATEDIF(J74,$F$14,"MD")&"д.")) -> 8р.4м.30д. | M74: не відповідність | N74: =VLOOKUP(_xlfn.CONCAT(C74," ",D74," ",E74),Відділи!$B$2:$C$101,2,0) -> Дирекція | O74: =IFERROR(DATEDIF(F74,K74,"Y"),"") -> 35
B75: 78 | C75: Бабенко | D75: Микола | E75: Андрійович | F75: 17065 | G75: =IF(RIGHT(E75,1)="ч","чоловіча","жіноча") -> чоловіча | H75: =ROUNDDOWN((J75-F75)/365.25,0) -> 67 | I75: =IF(H75>=60,"так","ні") -> так | J75: 41785 | L75: =IFERROR(IF(DATEDIF(J75,K75,"Y")=0,DATEDIF(J75,K75,"M")&"м."&DATEDIF(J75,K75,"MD")&"д.", DATEDIF(J75,K75,"Y")&"р."&DATEDIF(J75,K75,"YM")&"м."&DATEDIF(J75,K75,"MD")&"д."), IF(DATEDIF(J75,$F$14,"Y")=0,DATEDIF(J75,$F$14,"M")&"м."&DATEDIF(J75,$F$14,"MD")&"д.", DATEDIF(J75,$F$14,"Y")&"р."&DATEDIF(J75,$F$14,"YM")&"м."&DATEDIF(J75,$F$14,"MD")&"д.")) -> 8р.7м.6д. | N75: =VLOOKUP(_xlfn.CONCAT(C75," ",D75," ",E75),Відділи!$B$2:$C$101,2,0) -> Маркетинговий відділ | O75: =IFERROR(DATEDIF(F75,K75,"Y"),"")
B76: 4 | C76: Бондаренко | D76: Олена | E76: Анатоліївна | F76: 29167 | G76: =IF(RIGHT(E76,1)="ч","чоловіча","жіноча") -> жіноча | H76: =ROUNDDOWN((J76-F76)/365.25,0) -> 28 | I76: =IF(H76>=60,"так","ні") -> ні | J76: 39610 | K76: 43357 | L76: =IFERROR(IF(DATEDIF(J76,K76,"Y")=0,DATEDIF(J76,K76,"M")&"м."&DATEDIF(J76,K76,"MD")&"д.", DATEDIF(J76,K76,"Y")&"р."&DATEDIF(J76,K76,"YM")&"м."&DATEDIF(J76,K76,"MD")&"д."), IF(DATEDIF(J76,$F$14,"Y")=0,DATEDIF(J76,$F$14,"M")&"м."&DATEDIF(J76,$F$14,"MD")&"д.", DATEDIF(J76,$F$14,"Y")&"р."&DATEDIF(J76,$F$14,"YM")&"м."&DATEDIF(J76,$F$14,"MD")&"д.")) -> 10р.3м.3д. | M76: за згодою сторін | N76: =VLOOKUP(_xlfn.CONCAT(C76," ",D76," ",E76),Відділи!$B$2:$C$101,2,0) -> Маркетинговий відділ | O76: =IFERROR(DATEDIF(F76,K76,"Y"),"") -> 38
B77: 85 | C77: Власенко | D77: Сергій | E77: Володимирович | F77: 28938 | G77: =IF(RIGHT(E77,1)="ч","чоловіча","жіноча") -> чоловіча | H77: =ROUNDDOWN((J77-F77)/365.25,0) -> 35 | I77: =IF(H77>=60,"так","ні") -> ні | J77: 41817 | L77: =IFERROR(IF(DATEDIF(J77,K77,"Y")=0,DATEDIF(J77,K77,"M")&"м."&DATEDIF(J77,K77,"MD")&"д.", DATEDIF(J77,K77,"Y")&"р."&DATEDIF(J77,K77,"YM")&"м."&DATEDIF(J77,K77,"MD")&"д."), IF(DATEDIF(J77,$F$14,"Y")=0,DATEDIF(J77,$F$14,"M")&"м."&DATEDIF(J77,$F$14,"MD")&"д.", DATEDIF(J77,$F$14,"Y")&"р."&DATEDIF(J77,$F$14,"YM")&"м."&DATEDIF(J77,$F$14,"MD")&"д.")) -> 8р.6м.5д. | N77: =VLOOKUP(_xlfn.CONCAT(C77," ",D77," ",E77),Відділи!$B$2:$C$101,2,0) -> Маркетинговий відділ | O77: =IFERROR(DATEDIF(F77,K77,"Y"),"")
B78: 73 | C78: Дяченко | D78: Анатолій | E78: Миколайович | F78: 31922 | G78: =IF(RIGHT(E78,1)="ч","чоловіча","жіноча") -> чоловіча | H78: =ROUNDDOWN((J78-F78)/365.25,0) -> 24 | I78: =IF(H78>=60,"так","ні") -> ні | J78: 41018 | K78: 43608 | L78: =IFERROR(IF(DATEDIF(J78,K78,"Y")=0,DATEDIF(J78,K78,"M")&"м."&DATEDIF(J78,K78,"MD")&"д.", DATEDIF(J78,K78,"Y")&"р."&DATEDIF(J78,K78,"YM")&"м."&DATEDIF(J78,K78,"MD")&"д."), IF(DATEDIF(J78,$F$14,"Y")=0,DATEDIF(J78,$F$14,"M")&"м."&DATEDIF(J78,$F$14,"MD")&"д.", DATEDIF(J78,$F$14,"Y")&"р."&DATEDIF(J78,$F$14,"YM")&"м."&DATEDIF(J78,$F$14,"MD")&"д.")) -> 7р.1м.4д. | M78: не відповідність | N78: =VLOOKUP(_xlfn.CONCAT(C78," ",D78," ",E78),Відділи!$B$2:$C$101,2,0) -> Маркетинговий відділ | O78: =IFERROR(DATEDIF(F78,K78,"Y"),"") -> 31
B79: 22 | C79: Клименко | D79: Олександр | E79: Вікторович | F79: 21341 | G79: =IF(RIGHT(E79,1)="ч","чоловіча","жіноча") -> чоловіча | H79: =ROUNDDOWN((J79-F79)/365.25,0) -> 52 | I79: =IF(H79>=60,"так","ні") -> ні | J79: 40569 | K79: 43935 | L79: =IFERROR(IF(DATEDIF(J79,K79,"Y")=0,DATEDIF(J79,K79,"M")&"м."&DATEDIF(J79,K79,"MD")&"д.", DATEDIF(J79,K79,"Y")&"р."&DATEDIF(J79,K79,"YM")&"м."&DATEDIF(J79,K79,"MD")&"д."), IF(DATEDIF(J79,$F$14,"Y")=0,DATEDIF(J79,$F$14,"M")&"м."&DATEDIF(J79,$F$14,"MD")&"д.", DATEDIF(J79,$F$14,"Y")&"р."&DATEDIF(J79,$F$14,"YM")&"м."&DATEDIF(J79,$F$14,"MD")&"д.")) -> 9р.2м.19д. | M79: за згодою сторін | N79: =VLOOKUP(_xlfn.CONCAT(C79," ",D79," ",E79),Відділи!$B$2:$C$101,2,0) -> Маркетинговий відділ | O79: =IFERROR(DATEDIF(F79,K79,"Y"),"") -> 61
B80: 59 | C80: Козак | D80: Тарас | E80: Романович | F80: 32683 | G80: =IF(RIGHT(E80,1)="ч","чоловіча","жіноча") -> чоловіча | H80: =ROUNDDOWN((J80-F80)/365.25,0) -> 20 | I80: =IF(H80>=60,"так","ні") -> ні | J80: 40281 | L80: =IFERROR(IF(DATEDIF(J80,K80,"Y")=0,DATEDIF(J80,K80,"M")&"м."&DATEDIF(J80,K80,"MD")&"д.", DATEDIF(J80,K80,"Y")&"р."&DATEDIF(J80,K80,"YM")&"м."&DATEDIF(J80,K80,"MD")&"д."), IF(DATEDIF(J80,$F$14,"Y")=0,DATEDIF(J80,$F$14,"M")&"м."&DATEDIF(J80,$F$14,"MD")&"д.", DATEDIF(J80,$F$14,"Y")&"р."&DATEDIF(J80,$F$14,"YM")&"м."&DATEDIF(J80,$F$14,"MD")&"д.")) -> 12р.8м.19д. | N80: =VLOOKUP(_xlfn.CONCAT(C80," ",D80," ",E80),Відділи!$B$2:$C$101,2,0) -> Маркетинговий відділ | O80: =IFERROR(DATEDIF(F80,K80,"Y"),"")
B81: 24 | C81: Кравчук | D81: Леонід | E81: Макарович | F81: 31330 | G81: =IF(RIGHT(E81,1)="ч","чоловіча","жіноча") -> чоловіча | H81: =ROUNDDOWN((J81-F81)/365.25,0) -> 26 | I81: =IF(H81>=60,"так","ні") -> ні | J81: 41082 | K81: 43222 | L81: =IFERROR(IF(DATEDIF(J81,K81,"Y")=0,DATEDIF(J81,K81,"M")&"м."&DATEDIF(J81,K81,"MD")&"д.", DATEDIF(J81,K81,"Y")&"р."&DATEDIF(J81,K81,"YM")&"м."&DATEDIF(J81,K81,"MD")&"д."), IF(DATEDIF(J81,$F$14,"Y")=0,DATEDIF(J81,$F$14,"M")&"м."&DATEDIF(J81,$F$14,"MD")&"д.", DATEDIF(J81,$F$14,"Y")&"р."&DATEDIF(J81,$F$14,"YM")&"м."&DATEDIF(J81,$F$14,"MD")&"д.")) -> 5р.10м.10д. | M81: скорочення штату | N81: =VLOOKUP(_xlfn.CONCAT(C81," ",D81," ",E81),Відділи!$B$2:$C$101,2,0) -> Маркетинговий відділ | O81: =IFERROR(DATEDIF(F81,K81,"Y"),"") -> 32
B82: 21 | C82: Петренко | D82: Михайло | E82: Миколайович | F82: 24172 | G82: =IF(RIGHT(E82,1)="ч","чоловіча","жіноча") -> чоловіча | H82: =ROUNDDOWN((J82-F82)/365.25,0) -> 45 | I82: =IF(H82>=60,"так","ні") -> ні | J82: 40793 | K82: 41565 | L82: =IFERROR(IF(DATEDIF(J82,K82,"Y")=0,DATEDIF(J82,K82,"M")&"м."&DATEDIF(J82,K82,"MD")&"д.", DATEDIF(J82,K82,"Y")&"р."&DATEDIF(J82,K82,"YM")&"м."&DATEDIF(J82,K82,"MD")&"д."), IF(DATEDIF(J82,$F$14,"Y")=0,DATEDIF(J82,$F$14,"M")&"м."&DATEDIF(J82,$F$14,"MD")&"д.", DATEDIF(J82,$F$14,"Y")&"р."&DATEDIF(J82,$F$14,"YM")&"м."&DATEDIF(J82,$F$14,"MD")&"д.")) -> 2р.1м.11д. | M82: скорочення штату | N82: =VLOOKUP(_xlfn.CONCAT(C82," ",D82," ",E82),Відділи!$B$2:$C$101,2,0) -> Маркетинговий відділ | O82: =IFERROR(DATEDIF(F82,K82,"Y"),"") -> 47
B83: 67 | C83: Попов | D83: Леонід | E83: Іванович | F83: 31356 | G83: =IF(RIGHT(E83,1)="ч","чоловіча","жіноча") -> чоловіча | H83: =ROUNDDOWN((J83-F83)/365.25,0) -> 26 | I83: =IF(H83>=60,"так","ні") -> ні | J83: 41146 | K83: 41619 | L83: =IFERROR(IF(DATEDIF(J83,K83,"Y")=0,DATEDIF(J83,K83,"M")&"м."&DATEDIF(J83,K83,"MD")&"д.", DATEDIF(J83,K83,"Y")&"р."&DATEDIF(J83,K83,"YM")&"м."&DATEDIF(J83,K83,"MD")&"д."), IF(DATEDIF(J83,$F$14,"Y")=0,DATEDIF(J83,$F$14,"M")&"м."&DATEDIF(J83,$F$14,"MD")&"д.", DATEDIF(J83,$F$14,"Y")&"р."&DATEDIF(J83,$F$14,"YM")&"м."&DATEDIF(J83,$F$14,"MD")&"д.")) -> 1р.3м.16д. | M83: за власним бажанням | N83: =VLOOKUP(_xlfn.CONCAT(C83," ",D83," ",E83),Відділи!$B$2:$C$101,2,0) -> Маркетинговий відділ | O83: =IFERROR(DATEDIF(F83,K83,"Y"),"") -> 28
B84: 90 | C84: Сергієнко | D84: Раїса | E84: Михайлівна | F84: 29855 | G84: =IF(RIGHT(E84,1)="ч","чоловіча","жіноча") -> жіноча | H84: =ROUNDDOWN((J84-F84)/365.25,0) -> 27 | I84: =IF(H84>=60,"так","ні") -> ні | J84: 39866 | K84: 40131 | L84: =IFERROR(IF(DATEDIF(J84,K84,"Y")=0,DATEDIF(J84,K84,"M")&"м."&DATEDIF(J84,K84,"MD")&"д.", DATEDIF(J84,K84,"Y")&"р."&DATEDIF(J84,K84,"YM")&"м."&DATEDIF(J84,K84,"MD")&"д."), IF(DATEDIF(J84,$F$14,"Y")=0,DATEDIF(J84,$F$14,"M")&"м."&DATEDIF(J84,$F$14,"MD")&"д.", DATEDIF(J84,$F$14,"Y")&"р."&DATEDIF(J84,$F$14,"YM")&"м."&DATEDIF(J84,$F$14,"MD")&"д.")) -> 8м.23д. | M84: не відповідність | N84: =VLOOKUP(_xlfn.CONCAT(C84," ",D84," ",E84),Відділи!$B$2:$C$101,2,0) -> Маркетинговий відділ | O84: =IFERROR(DATEDIF(F84,K84,"Y"),"") -> 28
B85: 32 | C85: Сидоренко | D85: Віктор | E85: Дмитрович | F85: 28032 | G85: =IF(RIGHT(E85,1)="ч","чоловіча","жіноча") -> чоловіча | H85: =ROUNDDOWN((J85-F85)/365.25,0) -> 36 | I85: =IF(H85>=60,"так","ні") -> ні | J85: 41498 | L85: =IFERROR(IF(DATEDIF(J85,K85,"Y")=0,DATEDIF(J85,K85,"M")&"м."&DATEDIF(J85,K85,"MD")&"д.", DATEDIF(J85,K85,"Y")&"р."&DATEDIF(J85,K85,"YM")&"м."&DATEDIF(J85,K85,"MD")&"д."), IF(DATEDIF(J85,$F$14,"Y")=0,DATEDIF(J85,$F$14,"M")&"м."&DATEDIF(J85,$F$14,"MD")&"д.", DATEDIF(J85,$F$14,"Y")&"р."&DATEDIF(J85,$F$14,"YM")&"м."&DATEDIF(J85,$F$14,"MD")&"д.")) -> 9р.4м.20д. | N85: =VLOOKUP(_xlfn.CONCAT(C85," ",D85," ",E85),Відділи!$B$2:$C$101,2,0) -> Маркетинговий відділ | O85: =IFERROR(DATEDIF(F85,K85,"Y"),"")
B86: 61 | C86: Федоренко | D86: Борис | E86: Михайлович | F86: 29974 | G86: =IF(RIGHT(E86,1)="ч","чоловіча","жіноча") -> чоловіча | H86: =ROUNDDOWN((J86-F86)/365.25,0) -> 28 | I86: =IF(H86>=60,"так","ні") -> ні | J86: 40537 | L86: =IFERROR(IF(DATEDIF(J86,K86,"Y")=0,DATEDIF(J86,K86,"M")&"м."&DATEDIF(J86,K86,"MD")&"д.", DATEDIF(J86,K86,"Y")&"р."&DATEDIF(J86,K86,"YM")&"м."&DATEDIF(J86,K86,"MD")&"д."), IF(DATEDIF(J86,$F$14,"Y")=0,DATEDIF(J86,$F$14,"M")&"м."&DATEDIF(J86,$F$14,"MD")&"д.", DATEDIF(J86,$F$14,"Y")&"р."&DATEDIF(J86,$F$14,"YM")&"м."&DATEDIF(J86,$F$14,"MD")&"д.")) -> 12р.0м.7д. | N86: =VLOOKUP(_xlfn.CONCAT(C86," ",D86," ",E86),Відділи!$B$2:$C$101,2,0) -> Маркетинговий відділ | O86: =IFERROR(DATEDIF(F86,K86,"Y"),"")
B87: 31 | C87: Харченко | D87: Марія | E87: Федорівна | F87: 25737 | G87: =IF(RIGHT(E87,1)="ч","чоловіча","жіноча") -> жіноча | H87: =ROUNDDOWN((J87-F87)/365.25,0) -> 42 | I87: =IF(H87>=60,"так","ні") -> ні | J87: 41338 | K87: 44270 | L87: =IFERROR(IF(DATEDIF(J87,K87,"Y")=0,DATEDIF(J87,K87,"M")&"м."&DATEDIF(J87,K87,"MD")&"д.", DATEDIF(J87,K87,"Y")&"р."&DATEDIF(J87,K87,"YM")&"м."&DATEDIF(J87,K87,"MD")&"д."), IF(DATEDIF(J87,$F$14,"Y")=0,DATEDIF(J87,$F$14,"M")&"м."&DATEDIF(J87,$F$14,"MD")&"д.", DATEDIF(J87,$F$14,"Y")&"р."&DATEDIF(J87,$F$14,"YM")&"м."&DATEDIF(J87,$F$14,"MD")&"д.")) -> 8р.0м.10д. | M87: не відповідність | N87: =VLOOKUP(_xlfn.CONCAT(C87," ",D87," ",E87),Відділи!$B$2:$C$101,2,0) -> Маркетинговий відділ | O87: =IFERROR(DATEDIF(F87,K87,"Y"),"") -> 50
B88: 72 | C88: Демченко | D88: Тетяна | E88: Василівна | F88: 33948 | G88: =IF(RIGHT(E88,1)="ч","чоловіча","жіноча") -> жіноча | H88: =ROUNDDOWN((J88-F88)/365.25,0) -> 16 | I88: =IF(H88>=60,"так","ні") -> ні | J88: 39930 | K88: 41931 | L88: =IFERROR(IF(DATEDIF(J88,K88,"Y")=0,DATEDIF(J88,K88,"M")&"м."&DATEDIF(J88,K88,"MD")&"д.", DATEDIF(J88,K88,"Y")&"р."&DATEDIF(J88,K88,"YM")&"м."&DATEDIF(J88,K88,"MD")&"д."), IF(DATEDIF(J88,$F$14,"Y")=0,DATEDIF(J88,$F$14,"M")&"м."&DATEDIF(J88,$F$14,"MD")&"д.", DATEDIF(J88,$F$14,"Y")&"р."&DATEDIF(J88,$F$14,"YM")&"м."&DATEDIF(J88,$F$14,"MD")&"д.")) -> 5р.5м.22д. | M88: не відповідність | N88: =VLOOKUP(_xlfn.CONCAT(C88," ",D88," ",E88),Відділи!$B$2:$C$101,2,0) -> Фінансовий відділ | O88: =IFERROR(DATEDIF(F88,K88,"Y"),"") -> 21
B89: 68 | C89: Зінченко | D89: Олександр | E89: Володимирович | F89: 34631 | G89: =IF(RIGHT(E89,1)="ч","чоловіча","жіноча") -> чоловіча | H89: =ROUNDDOWN((J89-F89)/365.25,0) -> 13 | I89: =IF(H89>=60,"так","ні") -> ні | J89: 39738 | K89: 43459 | L89: =IFERROR(IF(DATEDIF(J89,K89,"Y")=0,DATEDIF(J89,K89,"M")&"м."&DATEDIF(J89,K89,"MD")&"д.", DATEDIF(J89,K89,"Y")&"р."&DATEDIF(J89,K89,"YM")&"м."&DATEDIF(J89,K89,"MD")&"д."), IF(DATEDIF(J89,$F$14,"Y")=0,DATEDIF(J89,$F$14,"M")&"м."&DATEDIF(J89,$F$14,"MD")&"д.", DATEDIF(J89,$F$14,"Y")&"р."&DATEDIF(J89,$F$14,"YM")&"м."&DATEDIF(J89,$F$14,"MD")&"д.")) -> 10р.2м.8д. | M89: скорочення штату | N89: =VLOOKUP(_xlfn.CONCAT(C89," ",D89," ",E89),Відділи!$B$2:$C$101,2,0) -> Фінансовий відділ | O89: =IFERROR(DATEDIF(F89,K89,"Y"),"") -> 24
B90: 3 | C90: Коваленко | D90: Анна | E90: Миколаївна | F90: 23852 | G90: =IF(RIGHT(E90,1)="ч","чоловіча","жіноча") -> жіноча | H90: =ROUNDDOWN((J90-F90)/365.25,0) -> 47 | I90: =IF(H90>=60,"так","ні") -> ні | J90: 41050 | K90: 44836 | L90: =IFERROR(IF(DATEDIF(J90,K90,"Y")=0,DATEDIF(J90,K90,"M")&"м."&DATEDIF(J90,K90,"MD")&"д.", DATEDIF(J90,K90,"Y")&"р."&DATEDIF(J90,K90,"YM")&"м."&DATEDIF(J90,K90,"MD")&"д."), IF(DATEDIF(J90,$F$14,"Y")=0,DATEDIF(J90,$F$14,"M")&"м."&DATEDIF(J90,$F$14,"MD")&"д.", DATEDIF(J90,$F$14,"Y")&"р."&DATEDIF(J90,$F$14,"YM")&"м."&DATEDIF(J90,$F$14,"MD")&"д.")) -> 10р.4м.11д. | M90: за власним бажанням | N90: =VLOOKUP(_xlfn.CONCAT(C90," ",D90," ",E90),Відділи!$B$2:$C$101,2,0) -> Фінансовий відділ | O90: =IFERROR(DATEDIF(F90,K90,"Y"),"") -> 57
B91: 58 | C91: Коломієць | D91: Володимир | E91: Родіонович | F91: 28342 | G91: =IF(RIGHT(E91,1)="ч","чоловіча","жіноча") -> чоловіча | H91: =ROUNDDOWN((J91-F91)/365.25,0) -> 29 | I91: =IF(H91>=60,"так","ні") -> ні | J91: 39289 | L91: =IFERROR(IF(DATEDIF(J91,K91,"Y")=0,DATEDIF(J91,K91,"M")&"м."&DATEDIF(J91,K91,"MD")&"д.", DATEDIF(J91,K91,"Y")&"р."&DATEDIF(J91,K91,"YM")&"м."&DATEDIF(J91,K91,"MD")&"д."), IF(DATEDIF(J91,$F$14,"Y")=0,DATEDIF(J91,$F$14,"M")&"м."&DATEDIF(J91,$F$14,"MD")&"д.", DATEDIF(J91,$F$14,"Y")&"р."&DATEDIF(J91,$F$14,"YM")&"м."&DATEDIF(J91,$F$14,"MD")&"д.")) -> 15р.5м.6д. | N91: =VLOOKUP(_xlfn.CONCAT(C91," ",D91," ",E91),Відділи!$B$2:$C$101,2,0) -> Фінансовий відділ | O91: =IFERROR(DATEDIF(F91,K91,"Y"),"")
B92: 91 | C92: Корнієнко | D92: Олександр | E92: Сергійович | F92: 22944 | G92: =IF(RIGHT(E92,1)="ч","чоловіча","жіноча") -> чоловіча | H92: =ROUNDDOWN((J92-F92)/365.25,0) -> 52 | I92: =IF(H92>=60,"так","ні") -> ні | J92: 42265 | K92: 43794 | L92: =IFERROR(IF(DATEDIF(J92,K92,"Y")=0,DATEDIF(J92,K92,"M")&"м."&DATEDIF(J92,K92,"MD")&"д.", DATEDIF(J92,K92,"Y")&"р."&DATEDIF(J92,K92,"YM")&"м."&DATEDIF(J92,K92,"MD")&"д."), IF(DATEDIF(J92,$F$14,"Y")=0,DATEDIF(J92,$F$14,"M")&"м."&DATEDIF(J92,$F$14,"MD")&"д.", DATEDIF(J92,$F$14,"Y")&"р."&DATEDIF(J92,$F$14,"YM")&"м."&DATEDIF(J92,$F$14,"MD")&"д.")) -> 4р.2м.7д. | M92: за власним бажанням | N92: =VLOOKUP(_xlfn.CONCAT(C92," ",D92," ",E92),Відділи!$B$2:$C$101,2,0) -> Фінансовий відділ | O92: =IFERROR(DATEDIF(F92,K92,"Y"),"") -> 57
B93: 93 | C93: Мартиненко | D93: Микола | E93: Володимирович | F93: 32729 | G93: =IF(RIGHT(E93,1)="ч","чоловіча","жіноча") -> чоловіча | H93: =ROUNDDOWN((J93-F93)/365.25,0) -> 23 | I93: =IF(H93>=60,"так","ні") -> ні | J93: 41242 | L93: =IFERROR(IF(DATEDIF(J93,K93,"Y")=0,DATEDIF(J93,K93,"M")&"м."&DATEDIF(J93,K93,"MD")&"д.", DATEDIF(J93,K93,"Y")&"р."&DATEDIF(J93,K93,"YM")&"м."&DATEDIF(J93,K93,"MD")&"д."), IF(DATEDIF(J93,$F$14,"Y")=0,DATEDIF(J93,$F$14,"M")&"м."&DATEDIF(J93,$F$14,"MD")&"д.", DATEDIF(J93,$F$14,"Y")&"р."&DATEDIF(J93,$F$14,"YM")&"м."&DATEDIF(J93,$F$14,"MD")&"д.")) -> 10р.1м.3д. | N93: =VLOOKUP(_xlfn.CONCAT(C93," ",D93," ",E93),Відділи!$B$2:$C$101,2,0) -> Фінансовий відділ | O93: =IFERROR(DATEDIF(F93,K93,"Y"),"")
B94: 17 | C94: Марченко | D94: Оксана | E94: Михайлівна | F94: 19544 | G94: =IF(RIGHT(E94,1)="ч","чоловіча","жіноча") -> жіноча | H94: =ROUNDDOWN((J94-F94)/365.25,0) -> 55 | I94: =IF(H94>=60,"так","ні") -> ні | J94: 39802 | K94: 43071 | L94: =IFERROR(IF(DATEDIF(J94,K94,"Y")=0,DATEDIF(J94,K94,"M")&"м."&DATEDIF(J94,K94,"MD")&"д.", DATEDIF(J94,K94,"Y")&"р."&DATEDIF(J94,K94,"YM")&"м."&DATEDIF(J94,K94,"MD")&"д."), IF(DATEDIF(J94,$F$14,"Y")=0,DATEDIF(J94,$F$14,"M")&"м."&DATEDIF(J94,$F$14,"MD")&"д.", DATEDIF(J94,$F$14,"Y")&"р."&DATEDIF(J94,$F$14,"YM")&"м."&DATEDIF(J94,$F$14,"MD")&"д.")) -> 8р.11м.12д. | M94: за власним бажанням | N94: =VLOOKUP(_xlfn.CONCAT(C94," ",D94," ",E94),Відділи!$B$2:$C$101,2,0) -> Фінансовий відділ | O94: =IFERROR(DATEDIF(F94,K94,"Y"),"") -> 64
B95: 70 | C95: Міщенко | D95: Юлія | E95: Валеріївна | F95: 27048 | G95: =IF(RIGHT(E95,1)="ч","чоловіча","жіноча") -> жіноча | H95: =ROUNDDOWN((J95-F95)/365.25,0) -> 35 | I95: =IF(H95>=60,"так","ні") -> ні | J95: 40026 | K95: 41960 | L95: =IFERROR(IF(DATEDIF(J95,K95,"Y")=0,DATEDIF(J95,K95,"M")&"м."&DATEDIF(J95,K95,"MD")&"д.", DATEDIF(J95,K95,"Y")&"р."&DATEDIF(J95,K95,"YM")&"м."&DATEDIF(J95,K95,"MD")&"д."), IF(DATEDIF(J95,$F$14,"Y")=0,DATEDIF(J95,$F$14,"M")&"м."&DATEDIF(J95,$F$14,"MD")&"д.", DATEDIF(J95,$F$14,"Y")&"р."&DATEDIF(J95,$F$14,"YM")&"м."&DATEDIF(J95,$F$14,"MD")&"д.")) -> 5р.3м.16д. | M95: не відповідність | N95: =VLOOKUP(_xlfn.CONCAT(C95," ",D95," ",E95),Відділи!$B$2:$C$101,2,0) -> Фінансовий відділ | O95: =IFERROR(DATEDIF(F95,K95,"Y"),"") -> 40
B96: 10 | C96: Олійник | D96: Борис | E96: Ілліч | F96: 20291 | G96: =IF(RIGHT(E96,1)="ч","чоловіча","жіноча") -> чоловіча | H96: =ROUNDDOWN((J96-F96)/365.25,0) -> 59 | I96: =IF(H96>=60,"так","ні") -> ні | J96: 42009 | L96: =IFERROR(IF(DATEDIF(J96,K96,"Y")=0,DATEDIF(J96,K96,"M")&"м."&DATEDIF(J96,K96,"MD")&"д.", DATEDIF(J96,K96,"Y")&"р."&DATEDIF(J96,K96,"YM")&"м."&DATEDIF(J96,K96,"MD")&"д."), IF(DATEDIF(J96,$F$14,"Y")=0,DATEDIF(J96,$F$14,"M")&"м."&DATEDIF(J96,$F$14,"MD")&"д.", DATEDIF(J96,$F$14,"Y")&"р."&DATEDIF(J96,$F$14,"YM")&"м."&DATEDIF(J96,$F$14,"MD")&"д.")) -> 7р.11м.27д. | N96: =VLOOKUP(_xlfn.CONCAT(C96," ",D96," ",E96),Відділи!$B$2:$C$101,2,0) -> Фінансовий відділ | O96: =IFERROR(DATEDIF(F96,K96,"Y"),"")
B97: 75 | C97: Пилипенко | D97: Юлія | E97: Вікторівна | F97: 16300 | G97: =IF(RIGHT(E97,1)="ч","чоловіча","жіноча") -> жіноча | H97: =ROUNDDOWN((J97-F97)/365.25,0) -> 62 | I97: =IF(H97>=60,"так","ні") -> так | J97: 39225 | K97: 42975 | L97: =IFERROR(IF(DATEDIF(J97,K97,"Y")=0,DATEDIF(J97,K97,"M")&"м."&DATEDIF(J97,K97,"MD")&"д.", DATEDIF(J97,K97,"Y")&"р."&DATEDIF(J97,K97,"YM")&"м."&DATEDIF(J97,K97,"MD")&"д."), IF(DATEDIF(J97,$F$14,"Y")=0,DATEDIF(J97,$F$14,"M")&"м."&DATEDIF(J97,$F$14,"MD")&"д.", DATEDIF(J97,$F$14,"Y")&"р."&DATEDIF(J97,$F$14,"YM")&"м."&DATEDIF(J97,$F$14,"MD")&"д.")) -> 10р.3м.5д. | M97: не відповідність | N97: =VLOOKUP(_xlfn.CONCAT(C97," ",D97," ",E97),Відділи!$B$2:$C$101,2,0) -> Фінансовий відділ | O97: =IFERROR(DATEDIF(F97,K97,"Y"),"") -> 73
B98: 49 | C98: Приходько | D98: Анастасія | E98: Костянтинівна | F98: 33585 | G98: =IF(RIGHT(E98,1)="ч","чоловіча","жіноча") -> жіноча | H98: =ROUNDDOWN((J98-F98)/365.25,0) -> 16 | I98: =IF(H98>=60,"так","ні") -> ні | J98: 39578 | K98: 41682 | L98: =IFERROR(IF(DATEDIF(J98,K98,"Y")=0,DATEDIF(J98,K98,"M")&"м."&DATEDIF(J98,K98,"MD")&"д.", DATEDIF(J98,K98,"Y")&"р."&DATEDIF(J98,K98,"YM")&"м."&DATEDIF(J98,K98,"MD")&"д."), IF(DATEDIF(J98,$F$14,"Y")=0,DATEDIF(J98,$F$14,"M")&"м."&DATEDIF(J98,$F$14,"MD")&"д.", DATEDIF(J98,$F$14,"Y")&"р."&DATEDIF(J98,$F$14,"YM")&"м."&DATEDIF(J98,$F$14,"MD")&"д.")) -> 5р.9м.2д. | M98: за власним бажанням | N98: =VLOOKUP(_xlfn.CONCAT(C98," ",D98," ",E98),Відділи!$B$2:$C$101,2,0) -> Фінансовий відділ | O98: =IFERROR(DATEDIF(F98,K98,"Y"),"") -> 22
B99: 88 | C99: Радченко | D99: Володимир | E99: Іванович | F99: 26695 | G99: =IF(RIGHT(E99,1)="ч","чоловіча","жіноча") -> чоловіча | H99: =ROUNDDOWN((J99-F99)/365.25,0) -> 36 | I99: =IF(H99>=60,"так","ні") -> ні | J99: 40090 | K99: 44005 | L99: =IFERROR(IF(DATEDIF(J99,K99,"Y")=0,DATEDIF(J99,K99,"M")&"м."&DATEDIF(J99,K99,"MD")&"д.", DATEDIF(J99,K99,"Y")&"р."&DATEDIF(J99,K99,"YM")&"м."&DATEDIF(J99,K99,"MD")&"д."), IF(DATEDIF(J99,$F$14,"Y")=0,DATEDIF(J99,$F$14,"M")&"м."&DATEDIF(J99,$F$14,"MD")&"д.", DATEDIF(J99,$F$14,"Y")&"р."&DATEDIF(J99,$F$14,"YM")&"м."&DATEDIF(J99,$F$14,"MD")&"д.")) -> 10р.8м.19д. | M99: не відповідність | N99: =VLOOKUP(_xlfn.CONCAT(C99," ",D99," ",E99),Відділи!$B$2:$C$101,2,0) -> Фінансовий відділ | O99: =IFERROR(DATEDIF(F99,K99,"Y"),"") -> 47
B100: 52 | C100: Романенко | D100: Віктор | E100: Дмитрович | F100: 22881 | G100: =IF(RIGHT(E100,1)="ч","чоловіча","жіноча") -> чоловіча | H100: =ROUNDDOWN((J100-F100)/365.25,0) -> 52 | I100: =IF(H100>=60,"так","ні") -> ні | J100: 42073 | L100: =IFERROR(IF(DATEDIF(J100,K100,"Y")=0,DATEDIF(J100,K100,"M")&"м."&DATEDIF(J100,K100,"MD")&"д.", DATEDIF(J100,K100,"Y")&"р."&DATEDIF(J100,K100,"YM")&"м."&DATEDIF(J100,K100,"MD")&"д."), IF(DATEDIF(J100,$F$14,"Y")=0,DATEDIF(J100,$F$14,"M")&"м."&DATEDIF(J100,$F$14,"MD")&"д.", DATEDIF(J100,$F$14,"Y")&"р."&DATEDIF(J100,$F$14,"YM")&"м."&DATEDIF(J100,$F$14,"MD")&"д.")) -> 7р.9м.22д. | N100: =VLOOKUP(_xlfn.CONCAT(C100," ",D100," ",E100),Відділи!$B$2:$C$101,2,0) -> Фінансовий відділ | O100: =IFERROR(DATEDIF(F100,K100,"Y"),"")
B101: 28 | C101: Савчук | D101: Ольга | E101: Миколаївна | F101: 27967 | G101: =IF(RIGHT(E101,1)="ч","чоловіча","жіноча") -> жіноча | H101: =ROUNDDOWN((J101-F101)/365.25,0) -> 31 | I101: =IF(H101>=60,"так","ні") -> ні | J101: 39353 | L101: =IFERROR(IF(DATEDIF(J101,K101,"Y")=0,DATEDIF(J101,K101,"M")&"м."&DATEDIF(J101,K101,"MD")&"д.", DATEDIF(J101,K101,"Y")&"р."&DATEDIF(J101,K101,"YM")&"м."&DATEDIF(J101,K101,"MD")&"д."), IF(DATEDIF(J101,$F$14,"Y")=0,DATEDIF(J101,$F$14,"M")&"м."&DATEDIF(J101,$F$14,"MD")&"д.", DATEDIF(J101,$F$14,"Y")&"р."&DATEDIF(J101,$F$14,"YM")&"м."&DATEDIF(J101,$F$14,"MD")&"д.")) -> 15р.3м.4д. | N101: =VLOOKUP(_xlfn.CONCAT(C101," ",D101," ",E101),Відділи!$B$2:$C$101,2,0) -> Фінансовий відділ | O101: =IFERROR(DATEDIF(F101,K101,"Y"),"")
B102: 80 | C102: Тищенко | D102: Микола | E102: Миколайович | F102: 27196 | G102: =IF(RIGHT(E102,1)="ч","чоловіча","жіноча") -> чоловіча | H102: =ROUNDDOWN((J102-F102)/365.25,0) -> 34 | I102: =IF(H102>=60,"так","ні") -> ні | J102: 39834 | K102: 41200 | L102: =IFERROR(IF(DATEDIF(J102,K102,"Y")=0,DATEDIF(J102,K102,"M")&"м."&DATEDIF(J102,K102,"MD")&"д.", DATEDIF(J102,K102,"Y")&"р."&DATEDIF(J102,K102,"YM")&"м."&DATEDIF(J102,K102,"MD")&"д."), IF(DATEDIF(J102,$F$14,"Y")=0,DATEDIF(J102,$F$14,"M")&"м."&DATEDIF(J102,$F$14,"MD")&"д.", DATEDIF(J102,$F$14,"Y")&"р."&DATEDIF(J102,$F$14,"YM")&"м."&DATEDIF(J102,$F$14,"MD")&"д.")) -> 3р.8м.27д. | M102: за власним бажанням | N102: =VLOOKUP(_xlfn.CONCAT(C102," ",D102," ",E102),Відділи!$B$2:$C$101,2,0) -> Фінансовий відділ | O102: =IFERROR(DATEDIF(F102,K102,"Y"),"") -> 38
B103: 35 | C103: Швець | D103: Ольга | E103: Миколаївна | F103: 25976 | G103: =IF(RIGHT(E103,1)="ч","чоловіча","жіноча") -> жіноча | H103: =ROUNDDOWN((J103-F103)/365.25,0) -> 39 | I103: =IF(H103>=60,"так","ні") -> ні | J103: 40249 | K103: 43372 | L103: =IFERROR(IF(DATEDIF(J103,K103,"Y")=0,DATEDIF(J103,K103,"M")&"м."&DATEDIF(J103,K103,"MD")&"д.", DATEDIF(J103,K103,"Y")&"р."&DATEDIF(J103,K103,"YM")&"м."&DATEDIF(J103,K103,"MD")&"д."), IF(DATEDIF(J103,$F$14,"Y")=0,DATEDIF(J103,$F$14,"M")&"м."&DATEDIF(J103,$F$14,"MD")&"д.", DATEDIF(J103,$F$14,"Y")&"р."&DATEDIF(J103,$F$14,"YM")&"м."&DATEDIF(J103,$F$14,"MD")&"д.")) -> 8р.6м.17д. | M103: за власним бажанням | N103: =VLOOKUP(_xlfn.CONCAT(C103," ",D103," ",E103),Відділи!$B$2:$C$101,2,0) -> Фінансовий відділ | O103: =IFERROR(DATEDIF(F103,K103,"Y"),"") -> 47
...

Sheet Відділи
B1: Співробітник | C1: Відділ
B2: МЕЛЬНИК АНДРІЙ АНДРІЙОВИЧ | C2: Бухгалтерія
B3: ШЕВЧЕНКО ТАРАС ГРИГОРОВИЧ | C3: Юридичний відділ
B4: КОВАЛЕНКО АННА МИКОЛАЇВНА | C4: Фінансовий відділ
B5: БОНДАРЕНКО ОЛЕНА АНАТОЛІЇВНА | C5: Маркетинговий відділ
B6: БОЙКО ЮРІЙ АНАТОЛІЙОВИЧ | C6: Відділ збуту
B7: ТКАЧЕНКО ОЛЕКСАНДР МИКОЛАЙОВИЧ | C7: Господарський відділ
B8: КРАВЧЕНКО ВІКТОР АНДРІЙОВИЧ | C8: Дирекція
B9: КОВАЛЬЧУК КИРИЛО СЕРГІЙОВИЧ | C9: Відділ кадрів
B10: КОВАЛЬ ОЛЕКСАНДР ІВАНОВИЧ | C10: Бухгалтерія
B11: ОЛІЙНИК БОРИС ІЛЛІЧ | C11: Фінансовий відділ
B12: ШЕВЧУК СВЯТОСЛАВ ЮРІЙОВИЧ | C12: Господарський відділ
... B101: ДЕНИСЕНКО ЛАРИСА ВОЛОДИМИРІВНА | C101: Відділ збуту

Sheet Дані
E3: Показник | F3: Значення | K3: {=_xlfn.UNIQUE(L19:L118)} -> Бухгалтерія
E4: Кількість працюючих на дату звіту | F4: 39 | K4: Відділ збуту
E5: Кількість звільнених на дату звіту | F5: 61 | K5: Відділ кадрів
E6: Кількість звільнених на 01.01.2009 | F6: 3 | K6: Господарський відділ
E7: Середній вік звільнених | F7: 45 | K7: Дирекція
E8: Працівників якої статі більше звільнили | F8: чоловічої | K8: Маркетинговий відділ
E9: Кількість співробітників із прізвищем, яке починається на "Р" | F9: 4 | K9: Фінансовий відділ
E10: Кількість причин звільнення | F10: 6 | K10: Юридичний відділ
E11: Найчастіша причина звільнення | F11: за власним бажанням
E16: 44927 | O16: =MAX(Дані!$J$19:$J$118) -> 15
B18: № | C18: ПІБ | D18: Дата народження | E18: Стать | F18: Вік на момент прийому на роботу | G18: Пенсійний вік | H18: Дата прийому на роботу | I18: Дата звільнення | J18: Стаж | K18: Причина звільнення | L18: Відділ | M18: Вік звільнених | N18: Працює в даний момент | O18: Діапазон стажу
B19: 99 | C19: Величко Самійло Васильович | D19: 23575 | E19: чоловіча | F19: 42 | G19: ні | H19: 39161 | J19: 15 | L19: Бухгалтерія | N19: 1 | O19: 10-15р
B20: 48 | C20: Гончаренко Ніна Іванівна | D20: 28873 | E20: жіноча | F20: 34 | G20: ні | H20: 41402 | J20: 9 | L20: Бухгалтерія | N20: 1 | O20: 5-9р
B21: 13 | C21: Іванова Антоніна Миколаївна | D21: 22028 | E21: жіноча | F21: 54 | G21: ні | H21: 41977 | J21: 8 | L21: Бухгалтерія | N21: 1 | O21: 5-9р
B22: 9 | C22: Коваль Олександр Іванович | D22: 24302 | E22: чоловіча | F22: 46 | G22: ні | H22: 41434 | J22: 9 | L22: Бухгалтерія | N22: 1 | O22: 5-9р
B23: 62 | C23: Ковтун Ілля Юрійович | D23: 17062 | E23: чоловіча | F23: 63 | G23: так | H23: 40409 | J23: 12 | L23: Бухгалтерія | N23: 1 | O23: 10-15р
B24: 46 | C24: Литвиненко Марія Іванівна | D24: 23927 | E24: жіноча | F24: 44 | G24: ні | H24: 40122 | J24: 13 | L24: Бухгалтерія | N24: 1 | O24: 10-15р
B25: 77 | C25: Макаренко Антон Семенович | D25: 33375 | E25: чоловіча | F25: 21 | G25: ні | H25: 41178 | I25: 43312 | J25: 5 | K25: за власним бажанням | L25: Бухгалтерія | M25: 27 | N25: 0 | O25: 5-9р
B26: 84 | C26: Марчук Євген Кирилович | D26: 29020 | E26: чоловіча | F26: 32 | G26: ні | H26: 40825 | I26: 42579 | J26: 4 | K26: за власним бажанням | L26: Бухгалтерія | M26: 37 | N26: 0 | O26: 0-4р
B27: 1 | C27: Мельник Андрій Андрійович | D27: 21956 | E27: чоловіча | F27: 53 | G27: ні | H27: 41530 | J27: 9 | L27: Бухгалтерія | N27: 1 | O27: 5-9р
B28: 36 | C28: Мельничук Людмила Олександрівна | D28: 24224 | E28: жіноча | F28: 45 | G28: ні | H28: 40953 | I28: 43891 | J28: 8 | K28: порушення трудового договору | L28: Бухгалтерія | M28: 53 | N28: 0 | O28: 5-9р
B29: 19 | C29: Мороз Олександр Олександрович | D29: 21196 | E29: чоловіча | F29: 54 | G29: ні | H29: 40921 | I29: 44494 | J29: 9 | K29: за згодою сторін | L29: Бухгалтерія | M29: 63 | N29: 0 | O29: 5-9р
B30: 55 | C30: Назаренко Сергій Юрійович | D30: 30614 | E30: чоловіча | F30: 29 | G30: ні | H30: 41370 | I30: 41645 | J30: 0 | K30: за власним бажанням | L30: Бухгалтерія | M30: 30 | N30: 0 | O30: 0-4р
B31: 44 | C31: Павлюк Павло Михнович | D31: 15594 | E31: чоловіча | F31: 70 | G31: так | H31: 41466 | J31: 9 | L31: Бухгалтерія | N31: 1 | O31: 5-9р
B32: 18 | C32: Руденко Бела Андріївна | D32: 34241 | E32: жіноча | F32: 17 | G32: ні | H32: 40601 | I32: 43800 | J32: 8 | K32: завершення трудового договору | L32: Бухгалтерія | M32: 26 | N32: 0 | O32: 5-9р
B33: 97 | C33: Шульга Анастасія Олександрівна | D33: 24140 | E33: жіноча | F33: 45 | G33: ні | H33: 40761 | J33: 11 | L33: Бухгалтерія | N33: 1 | O33: 10-15р
B34: 40 | C34: Юрченко Анатолій Петрович | D34: 24595 | E34: чоловіча | F34: 44 | G34: ні | H34: 40889 | I34: 44112 | J34: 8 | K34: завершення трудового договору | L34: Бухгалтерія | M34: 53 | N34: 0 | O34: 5-9р
B35: 5 | C35: Бойко Юрій Анатолійович | D35: 32924 | E35: чоловіча | F35: 19 | G35: ні | H35: 40058 | J35: 13 | L35: Відділ збуту | N35: 1 | O35: 10-15р
B36: 71 | C36: Вовк Федір Кіндратович | D36: 27582 | E36: чоловіча | F36: 38 | G36: ні | H36: 41594 | I36: 41773 | J36: 0 | K36: за згодою сторін | L36: Відділ збуту | M36: 38 | N36: 0 | O36: 0-4р
B37: 94 | C37: Гордієнко Наталія Володимирівна | D37: 21594 | E37: жіноча | F37: 52 | G37: ні | H37: 40665 | I37: 42641 | J37: 5 | K37: за згодою сторін | L37: Відділ збуту | M37: 57 | N37: 0 | O37: 5-9р
B38: 100 | C38: Денисенко Лариса Володимирівна | D38: 24923 | E38: жіноча | F38: 40 | G38: ні | H38: 39546 | I38: 41320 | J38: 4 | K38: за власним бажанням | L38: Відділ збуту | M38: 44 | N38: 0 | O38: 0-4р
B39: 25 | C39: Іванов Микола Кузьмич | D39: 33931 | E39: чоловіча | F39: 21 | G39: ні | H39: 41690 | J39: 8 | L39: Відділ збуту | N39: 1 | O39: 5-9р
B40: 74 | C40: Ковальова Ірина Федорівна | D40: 22060 | E40: жіноча | F40: 51 | G40: ні | H40: 40729 | J40: 11 | L40: Відділ збуту | N40: 1 | O40: 10-15р
B41: 45 | C41: Кушнір Ігор Миколайович | D41: 26689 | E41: чоловіча | F41: 42 | G41: ні | H41: 42041 | J41: 7 | L41: Відділ збуту | N41: 1 | O41: 5-9р
B42: 30 | C42: Левченко Юлія Андріївна | D42: 33220 | E42: жіноча | F42: 16 | G42: ні | H42: 39417 | J42: 15 | L42: Відділ збуту | N42: 1 | O42: 10-15р
B43: 20 | C43: Лисенко Микола Віталійович | D43: 18715 | E43: чоловіча | F43: 64 | G43: так | H43: 42233 | J43: 7 | L43: Відділ збуту | N43: 1 | O43: 5-9р
B44: 47 | C44: Мартинюк Адам Іванович | D44: 21994 | E44: чоловіча | F44: 47 | G44: ні | H44: 39257 | J44: 15 | L44: Відділ збуту | N44: 1 | O44: 10-15р
B45: 65 | C45: Терещенко Михайло Іванович | D45: 26823 | E45: чоловіча | F45: 40 | G45: ні | H45: 41626 | I45: 42166 | J45: 1 | K45: за згодою сторін | L45: Відділ збуту | M45: 42 | N45: 0 | O45: 0-4р
B46: 14 | C46: Ткачук Геннадій Віталійович | D46: 31506 | E46: чоловіча | F46: 24 | G46: ні | H46: 40377 | I46: 42856 | J46: 6 | K46: за власним бажанням | L46: Відділ збуту | M46: 31 | N46: 0 | O46: 5-9р
B47: 76 | C47: Іщенко Михайло Олексійович | D47: 23629 | E47: чоловіча | F47: 50 | G47: ні | H47: 41945 | J47: 8 | L47: Відділ кадрів | N47: 1 | O47: 5-9р
B48: 8 | C48: Ковальчук Кирило Сергійович | D48: 32759 | E48: чоловіча | F48: 19 | G48: ні | H48: 39706 | I48: 42633 | J48: 8 | K48: не відповідність | L48: Відділ кадрів | M48: 27 | N48: 0 | O48: 5-9р
B49: 51 | C49: Кулик Григорій Іванович | D49: 28427 | E49: чоловіча | F49: 35 | G49: ні | H49: 41306 | I49: 43946 | J49: 7 | K49: скорочення штату | L49: Відділ кадрів | M49: 42 | N49: 0 | O49: 5-9р
B50: 41 | C50: Мазур Алла Григорівна | D50: 33477 | E50: жіноча | F50: 16 | G50: ні | H50: 39514 | I50: 39699 | J50: 0 | K50: не відповідність | L50: Відділ кадрів | M50: 17 | N50: 0 | O50: 0-4р
B51: 83 | C51: Москаленко Лариса Віталіївна | D51: 15393 | E51: жіноча | F51: 69 | G51: так | H51: 40697 | I51: 44045 | J51: 9 | K51: за власним бажанням | L51: Відділ кадрів | M51: 78 | N51: 0 | O51: 5-9р
B52: 39 | C52: Панченко Любов Михайлівна | D52: 25911 | E52: жіноча | F52: 36 | G52: ні | H52: 39097 | I52: 39334 | J52: 0 | K52: за згодою сторін | L52: Відділ кадрів | M52: 36 | N52: 0 | O52: 0-4р
B53: 54 | C53: Семенюк Валентина Петрівна | D53: 27879 | E53: жіноча | F53: 38 | G53: ні | H53: 41913 | J53: 8 | L53: Відділ кадрів | N53: 1 | O53: 5-9р
B54: 69 | C54: Тарасенко Катерина Миколаївна | D54: 29875 | E54: жіноча | F54: 25 | G54: ні | H54: 39321 | J54: 15 | L54: Відділ кадрів | N54: 1 | O54: 10-15р
B55: 42 | C55: Хоменко Микола Григорович | D55: 21710 | E55: чоловіча | F55: 50 | G55: ні | H55: 40186 | I55: 42650 | J55: 6 | K55: за згодою сторін | L55: Відділ кадрів | M55: 57 | N55: 0 | O55: 5-9р
B56: 34 | C56: Гаврилюк Михайло Віталійович | D56: 21569 | E56: чоловіча | F56: 55 | G56: ні | H56: 41721 | I56: 43575 | J56: 5 | K56: за власним бажанням | L56: Господарський відділ | M56: 60 | N56: 0 | O56: 5-9р
B57: 89 | C57: Герасименко Світлана Іванівна | D57: 30489 | E57: жіноча | F57: 26 | G57: ні | H57: 40313 | J57: 12 | L57: Господарський відділ | N57: 1 | O57: 10-15р
B58: 92 | C58: Гончар Олесь Терентійович | D58: 31700 | E58: чоловіча | F58: 24 | G58: ні | H58: 40505 | I58: 44492 | J58: 10 | K58: завершення трудового договору | L58: Господарський відділ | M58: 35 | N58: 0 | O58: 10-15р
B59: 53 | C59: Костюк Марта Олегівна | D59: 30057 | E59: жіноча | F59: 27 | G59: ні | H59: 40218 | I59: 43883 | J59: 10 | K59: за власним бажанням | L59: Господарський відділ | M59: 37 | N59: 0 | O59: 10-15р
B60: 26 | C60: Кузьменко Юлія Леонідівна | D60: 27653 | E60: жіноча | F60: 34 | G60: ні | H60: 40154 | I60: 42329 | J60: 5 | K60: за власним бажанням | L60: Господарський відділ | M60: 40 | N60: 0 | O60: 5-9р
B61: 23 | C61: Павленко Віктор Олексійович | D61: 17031 | E61: чоловіча | F61: 67 | G61: так | H61: 41753 | I61: 42085 | J61: 0 | K61: не відповідність | L61: Господарський відділ | M61: 68 | N61: 0 | O61: 0-4р
B62: 43 | C62: Попович Павло Романович | D62: 29095 | E62: чоловіча | F62: 34 | G62: ні | H62: 41658 | I62: 42149 | J62: 1 | K62: порушення трудового договору | L62: Господарський відділ | M62: 35 | N62: 0 | O62: 0-4р
B63: 96 | C63: Прокопенко Денис Геннадійович | D63: 28324 | E63: чоловіча | F63: 33 | G63: ні | H63: 40441 | I63: 43414 | J63: 8 | K63: за власним бажанням | L63: Господарський відділ | M63: 41 | N63: 0 | O63: 5-9р
B64: 6 | C64: Ткаченко Олександр Миколайович | D64: 14246 | E64: чоловіча | F64: 75 | G64: так | H64: 41881 | I64: 43076 | J64: 3 | K64: за власним бажанням | L64: Господарський відділ | M64: 78 | N64: 0 | O64: 0-4р
B65: 11 | C65: Шевчук Святослав Юрійович | D65: 19494 | E65: чоловіча | F65: 59 | G65: ні | H65: 41114 | I65: 44251 | J65: 8 | K65: за власним бажанням | L65: Господарський відділ | M65: 67 | N65: 0 | O65: 5-9р
B66: 29 | C66: Василенко Микола Прокопович | D66: 33895 | E66: чоловіча | F66: 16 | G66: ні | H66: 39898 | I66: 39910 | J66: 0 | K66: за власним бажанням | L66: Дирекція | M66: 16 | N66: 0 | O66: 0-4р
B67: 86 | C67: Гуменюк Наталія Петрівна | D67: 33108 | E67: жіноча | F67: 23 | G67: ні | H67: 41562 | J67: 9 | L67: Дирекція | N67: 1 | O67: 5-9р
B68: 33 | C68: Карпенко Віталій Опанасович | D68: 22516 | E68: чоловіча | F68: 46 | G68: ні | H68: 39674 | I68: 42213 | J68: 6 | K68: за згодою сторін | L68: Дирекція | M68: 53 | N68: 0 | O68: 5-9р
B69: 66 | C69: Колесник Євдокія Василівна | D69: 28525 | E69: жіноча | F69: 32 | G69: ні | H69: 40473 | I69: 41983 | J69: 4 | K69: за власним бажанням | L69: Дирекція | M69: 36 | N69: 0 | O69: 0-4р
B70: 57 | C70: Кравець Інеса Миколаївна | D70: 24147 | E70: жіноча | F70: 45 | G70: ні | H70: 40857 | I70: 42512 | J70: 4 | K70: за власним бажанням | L70: Дирекція | M70: 50 | N70: 0 | O70: 0-4р
B71: 7 | C71: Кравченко Віктор Андрійович | D71: 21218 | E71: чоловіча | F71: 54 | G71: ні | H71: 41210 | I71: 43091 | J71: 5 | K71: за власним бажанням | L71: Дирекція | M71: 59 | N71: 0 | O71: 5-9р
B72: 64 | C72: Нестеренко Олександр Володимирович | D72: 23710 | E72: чоловіча | F72: 50 | G72: ні | H72: 42105 | I72: 42627 | J72: 1 | K72: за власним бажанням | L72: Дирекція | M72: 51 | N72: 0 | O72: 0-4р
B73: 37 | C73: Попова Надія Марківна | D73: 13685 | E73: жіноча | F73: 72 | G73: так | H73: 39994 | I73: 40350 | J73: 0 | K73: за згодою сторін | L73: Дирекція | M73: 73 | N73: 0 | O73: 0-4р
B74: 15 | C74: Савченко Надія Вікторівна | D74: 23831 | E74: жіноча | F74: 42 | G74: ні | H74: 39385 | I74: 42249 | J74: 7 | K74: не відповідність | L74: Дирекція | M74: 50 | N74: 0 | O74: 5-9р
B75: 95 | C75: Степаненко Тарас Миколайович | D75: 29826 | E75: чоловіча | F75: 27 | G75: ні | H75: 39770 | I75: 42842 | J75: 8 | K75: не відповідність | L75: Дирекція | M75: 35 | N75: 0 | O75: 5-9р
B76: 78 | C76: Бабенко Микола Андрійович | D76: 17065 | E76: чоловіча | F76: 67 | G76: так | H76: 41785 | J76: 8 | L76: Маркетинговий відділ | N76: 1 | O76: 5-9р
B77: 4 | C77: Бондаренко Олена Анатоліївна | D77: 29167 | E77: жіноча | F77: 28 | G77: ні | H77: 39610 | I77: 43357 | J77: 10 | K77: за згодою сторін | L77: Маркетинговий відділ | M77: 38 | N77: 0 | O77: 10-15р
B78: 85 | C78: Власенко Сергій Володимирович | D78: 28938 | E78: чоловіча | F78: 35 | G78: ні | H78: 41817 | J78: 8 | L78: Маркетинговий відділ | N78: 1 | O78: 5-9р
B79: 73 | C79: Дяченко Анатолій Миколайович | D79: 31922 | E79: чоловіча | F79: 24 | G79: ні | H79: 41018 | I79: 43608 | J79: 7 | K79: не відповідність | L79: Маркетинговий відділ | M79: 31 | N79: 0 | O79: 5-9р
B80: 22 | C80: Клименко Олександр Вікторович | D80: 21341 | E80: чоловіча | F80: 52 | G80: ні | H80: 40569 | I80: 43935 | J80: 9 | K80: за згодою сторін | L80: Маркетинговий відділ | M80: 61 | N80: 0 | O80: 5-9р
B81: 59 | C81: Козак Тарас Романович | D81: 32683 | E81: чоловіча | F81: 20 | G81: ні | H81: 40281 | J81: 12 | L81: Маркетинговий відділ | N81: 1 | O81: 10-15р
B82: 24 | C82: Кравчук Леонід Макарович | D82: 31330 | E82: чоловіча | F82: 26 | G82: ні | H82: 41082 | I82: 43222 | J82: 5 | K82: скорочення штату | L82: Маркетинговий відділ | M82: 32 | N82: 0 | O82: 5-9р
B83: 21 | C83: Петренко Михайло Миколайович | D83: 24172 | E83: чоловіча | F83: 45 | G83: ні | H83: 40793 | I83: 41565 | J83: 2 | K83: скорочення штату | L83: Маркетинговий відділ | M83: 47 | N83: 0 | O83: 0-4р
B84: 67 | C84: Попов Леонід Іванович | D84: 31356 | E84: чоловіча | F84: 26 | G84: ні | H84: 41146 | I84: 41619 | J84: 1 | K84: за власним бажанням | L84: Маркетинговий відділ | M84: 28 | N84: 0 | O84: 0-4р
B85: 90 | C85: Сергієнко Раїса Михайлівна | D85: 29855 | E85: жіноча | F85: 27 | G85: ні | H85: 39866 | I85: 40131 | J85: 0 | K85: не відповідність | L85: Маркетинговий відділ | M85: 28 | N85: 0 | O85: 0-4р
B86: 32 | C86: Сидоренко Віктор Дмитрович | D86: 28032 | E86: чоловіча | F86: 36 | G86: ні | H86: 41498 | J86: 9 | L86: Маркетинговий відділ | N86: 1 | O86: 5-9р
B87: 61 | C87: Федоренко Борис Михайлович | D87: 29974 | E87: чоловіча | F87: 28 | G87: ні | H87: 40537 | J87: 12 | L87: Маркетинговий відділ | N87: 1 | O87: 10-15р
B88: 31 | C88: Харченко Марія Федорівна | D88: 25737 | E88: жіноча | F88: 42 | G88: ні | H88: 41338 | I88: 44270 | J88: 8 | K88: не відповідність | L88: Маркетинговий відділ | M88: 50 | N88: 0 | O88: 5-9р
B89: 72 | C89: Демченко Тетяна Василівна | D89: 33948 | E89: жіноча | F89: 16 | G89: ні | H89: 39930 | I89: 41931 | J89: 5 | K89: не відповідність | L89: Фінансовий відділ | M89: 21 | N89: 0 | O89: 5-9р
B90: 68 | C90: Зінченко Олександр Володимирович | D90: 34631 | E90: чоловіча | F90: 13 | G90: ні | H90: 39738 | I90: 43459 | J90: 10 | K90: скорочення штату | L90: Фінансовий відділ | M90: 24 | N90: 0 | O90: 10-15р
B91: 3 | C91: Коваленко Анна Миколаївна | D91: 23852 | E91: жіноча | F91: 47 | G91: ні | H91: 41050 | I91: 44836 | J91: 10 | K91: за власним бажанням | L91: Фінансовий відділ | M91: 57 | N91: 0 | O91: 10-15р
B92: 58 | C92: Коломієць Володимир Родіонович | D92: 28342 | E92: чоловіча | F92: 29 | G92: ні | H92: 39289 | J92: 15 | L92: Фінансовий відділ | N92: 1 | O92: 10-15р
B93: 91 | C93: Корнієнко Олександр Сергійович | D93: 22944 | E93: чоловіча | F93: 52 | G93: ні | H93: 42265 | I93: 43794 | J93: 4 | K93: за власним бажанням | L93: Фінансовий відділ | M93: 57 | N93: 0 | O93: 0-4р
B94: 93 | C94: Мартиненко Микола Володимирович | D94: 32729 | E94: чоловіча | F94: 23 | G94: ні | H94: 41242 | J94: 10 | L94: Фінансовий відділ | N94: 1 | O94: 10-15р
B95: 17 | C95: Марченко Оксана Михайлівна | D95: 19544 | E95: жіноча | F95: 55 | G95: ні | H95: 39802 | I95: 43071 | J95: 8 | K95: за власним бажанням | L95: Фінансовий відділ | M95: 64 | N95: 0 | O95: 5-9р
B96: 70 | C96: Міщенко Юлія Валеріївна | D96: 27048 | E96: жіноча | F96: 35 | G96: ні | H96: 40026 | I96: 41960 | J96: 5 | K96: не відповідність | L96: Фінансовий відділ | M96: 40 | N96: 0 | O96: 5-9р
B97: 10 | C97: Олійник Борис Ілліч | D97: 20291 | E97: чоловіча | F97: 59 | G97: ні | H97: 42009 | J97: 7 | L97: Фінансовий відділ | N97: 1 | O97: 5-9р
B98: 75 | C98: Пилипенко Юлія Вікторівна | D98: 16300 | E98: жіноча | F98: 62 | G98: так | H98: 39225 | I98: 42975 | J98: 10 | K98: не відповідність | L98: Фінансовий відділ | M98: 73 | N98: 0 | O98: 10-15р
B99: 49 | C99: Приходько Анастасія Костянтинівна | D99: 33585 | E99: жіноча | F99: 16 | G99: ні | H99: 39578 | I99: 41682 | J99: 5 | K99: за власним бажанням | L99: Фінансовий відділ | M99: 22 | N99: 0 | O99: 5-9р
B100: 88 | C100: Радченко Володимир Іванович | D100: 26695 | E100: чоловіча | F100: 36 | G100: ні | H100: 40090 | I100: 44005 | J100: 10 | K100: не відповідність | L100: Фінансовий відділ | M100: 47 | N100: 0 | O100: 10-15р
B101: 52 | C101: Романенко Віктор Дмитрович | D101: 22881 | E101: чоловіча | F101: 52 | G101: ні | H101: 42073 | J101: 7 | L101: Фінансовий відділ | N101: 1 | O101: 5-9р
B102: 28 | C102: Савчук Ольга Миколаївна | D102: 27967 | E102: жіноча | F102: 31 | G102: ні | H102: 39353 | J102: 15 | L102: Фінансовий відділ | N102: 1 | O102: 10-15р
B103: 80 | C103: Тищенко Микола Миколайович | D103: 27196 | E103: чоловіча | F103: 34 | G103: ні | H103: 39834 | I103: 41200 | J103: 3 | K103: за власним бажанням | L103: Фінансовий відділ | M103: 38 | N103: 0 | O103: 0-4р
B104: 35 | C104: Швець Ольга Миколаївна | D104: 25976 | E104: жіноча | F104: 39 | G104: ні | H104: 40249 | I104: 43372 | J104: 8 | K104: за власним бажанням | L104: Фінансовий відділ | M104: 47 | N104: 0 | O104: 5-9р
B105: 60 | C105: Яковенко Павло Олександрович | D105: 24551 | E105: чоловіча | F105: 44 | G105: ні | H105: 40986 | J105: 10 | L105: Фінансовий відділ | N105: 1 | O105: 10-15р
B106: 87 | C106: Яценко Тамара Олександрівна | D106: 20471 | E106: жіноча | F106: 51 | G106: ні | H106: 39129 | J106: 15 | L106: Фінансовий відділ | N106: 1 | O106: 10-15р
B107: 63 | C107: Білоус Дмитро Григорович | D107: 23923 | E107: чоловіча | F107: 42 | G107: ні | H107: 39481 | J107: 14 | L107: Юридичний відділ | N107: 1 | O107: 10-15р
...

Sheet Зведена таблиця
B1: Використовував не всі таблиці, текст не коригував, чисто розрахунково
A3: Позначки рядків | B3: Середнє з Вік на момент прийому на роботу | D3: Позначки рядків | E3: Кількість з Дата прийому на роботу | F3: Кількість з Дата звільнення | G3: Сума з Працює в даний момент
A4: Бухгалтерія | B4: 43.3125 | D4: Бухгалтерія | E4: 16 | F4: 7 | G4: 9
A5: Відділ збуту | B5: 37.833333 | D5: Відділ збуту | E5: 12 | F5: 5 | G5: 7
A6: Відділ кадрів | B6: 37.555556 | D6: Відділ кадрів | E6: 9 | F6: 6 | G6: 3
A7: Господарський відділ | B7: 43.4 | D7: Господарський відділ | E7: 10 | F7: 9 | G7: 1
A8: Дирекція | B8: 40.7 | D8: Дирекція | E8: 10 | F8: 9 | G8: 1
A9: Маркетинговий відділ | B9: 35.076923 | D9: Маркетинговий відділ | E9: 13 | F9: 8 | G9: 5
A10: Фінансовий відділ | B10: 38.555556 | D10: Фінансовий відділ | E10: 18 | F10: 11 | G10: 7
A11: Юридичний відділ | B11: 39.416667 | D11: Юридичний відділ | E11: 12 | F11: 6 | G11: 6
A12: Загальний підсумок | B12: 39.49 | D12: Загальний підсумок | E12: 100 | F12: 61 | G12: 39
A15: Кількість з Пенсійний вік | B15: Позначки стовпців
A16: Позначки рядків | B16: жіноча | C16: чоловіча | D16: Загальний підсумок
A17: Бухгалтерія | B17: 6 | C17: 10 | D17: 16
A18: Відділ збуту | B18: 4 | C18: 8 | D18: 12
A19: Відділ кадрів | B19: 5 | C19: 4 | D19: 9
A20: Господарський відділ | B20: 3 | C20: 7 | D20: 10
A21: Дирекція | B21: 5 | C21: 5 | D21: 10
A22: Маркетинговий відділ | B22: 3 | C22: 10 | D22: 13
A23: Фінансовий відділ | B23: 9 | C23: 9 | D23: 18
A24: Юридичний відділ | B24: 4 | C24: 8 | D24: 12
A25: Загальний підсумок | B25: 39 | C25: 61 | D25: 100
A28: Середнє з Вік на момент прийому на роботу | E28: Кількість з Причина звільнення | G28: Середнє з Стаж
A29: 39.49 | E29: 61 | G29: 7.24
A32: Сума з Працює в даний момент
A33: 39
A35: Кількість з Стаж | B35: Позначки стовпців
A36: Позначки рядків | B36: 0-4р | C36: 10-15р | D36: 5-9р | E36: Загальний підсумок
A37: жіноча | B37: 10 | C37: 13 | D37: 16 | E37: 39
A38: чоловіча | B38: 16 | C38: 16 | D38: 29 | E38: 61
A39: Загальний підсумок | B39: 26 | C39: 29 | D39: 45 | E39: 100
B41: Позначки стовпців
B42: 0-4р | C42: 10-15р | D42: 5-9р | E42: Загальний підсумок
A43: Кількість з Стаж | B43: 26 | C43: 29 | D43: 45 | E43: 100

Sheet Дашборд
